,順位,ゼッケン,氏名,所属,吉見 21.4km,手島 32.7km,玉淀 52.2km,唐子 72.6km,川越 91.7km,成願寺 128.6km,浅草橋 146.5km,おしなり 159.4km,舟渡 181.3km,秋ヶ瀬 193.1km,ゴール 207.5km,ペース(分/㎞)
0,1,2073,大高　圭太,クラブR２東日本,01:54:22(6位),02:58:24(3位),04:40:38(4位),06:40:47(4位),08:28:07(3位),12:47:43(1位),15:02:36(1位),16:50:40(1位),19:40:58(1位),21:12:04(1位),22:56:11(1位),06:37.93
1,2,2017,荒井　秀次,エビトラAC,01:50:59(3位),02:53:06(2位),04:37:30(3位),06:36:08(3位),08:30:10(4位),13:03:40(3位),15:13:14(2位),16:50:47(2位),20:18:20(2位),22:06:58(3位),23:49:53(2位),06:53.46
2,3,2328,袴田　訓史,,01:57:24(12位),03:04:53(10位),04:48:45(7位),,05:00:33(1位),13:19:25(5位),15:53:25(4位),17:39:11(4位),20:37:50(3位),22:04:46(2位),23:54:40(3位),06:54.84
3,4,2342,林部　規男,多摩川サブ３会,01:54:53(7位),03:02:39(7位),04:49:12(8位),06:53:29(7位),08:50:16(5位),13:13:35(4位),15:42:53(3位),17:28:55(3位),20:38:09(4位),22:14:55(4位),24:09:03(4位),06:59.00
4,5,2141,窪田　淳,凹田ガス,02:06:49(34位),03:21:10(33位),05:19:08(28位),07:38:18(24位),09:47:59(19位),14:28:38(12位),16:44:29(8位),18:27:20(6位),21:22:04(5位),22:49:07(5位),24:33:44(5位),07:06.14
5,6,2058,薄井　猛生,宇都宮トレラン愛好家の集い,02:09:00(40位),03:23:04(35位),05:20:44(32位),07:39:53(25位),09:51:10(22位),14:30:05(13位),17:08:14(11位),19:01:20(11位),21:47:20(7位),23:08:29(6位),24:53:52(6位),07:11.96
6,7,2419,向山　由美子,麺屋こころ大船,02:02:11(16位),03:12:54(17位),05:10:15(22位),07:22:36(13位),09:27:42(11位),14:05:29(8位),16:18:55(5位),18:10:22(5位),21:31:11(6位),23:14:56(7位),25:05:26(7位),07:15.30
7,8,2213,城　潔,うなぎいぬ新潟,02:03:26(19位),03:12:07(16位),05:01:18(13位),07:16:50(12位),09:20:21(10位),14:17:04(9位),16:59:41(9位),18:56:57(10位),22:15:20(11位),23:40:31(8位),25:19:08(8位),07:19.26
8,9,2240,高橋　裕子,,02:12:12(55位),03:29:43(53位),05:34:49(49位),07:51:29(37位),09:58:45(29位),15:22:03(29位),17:46:39(21位),19:32:59(16位),22:11:29(9位),23:43:59(9位),25:35:14(9位),07:23.92
9,10,2133,北野　卓,上大岡おやじの会,02:05:41(32位),03:19:22(30位),05:16:59(27位),07:34:39(22位),09:47:31(18位),14:27:22(11位),17:18:57(12位),19:12:17(12位),22:22:48(12位),23:56:12(10位),25:42:56(10位),07:26.15
10,11,2219,杉山　修,,02:13:13(64位),03:32:40(67位),05:33:25(46位),07:51:41(38位),10:02:40(30位),14:37:30(14位),17:06:41(10位),18:51:36(9位),22:13:13(10位),23:56:55(11位),26:14:25(11位),07:35.25
11,12,2209,清水　諒太,厚木大学TRC,02:18:20(103位),03:34:45(76位),05:43:25(66位),08:06:47(55位),10:15:37(42位),15:11:17(27位),17:54:13(22位),19:48:59(22位),22:49:11(13位),24:22:44(14位),26:18:33(12位),07:36.45
12,13,2082,大林　剛,,01:55:33(9位),03:00:13(5位),04:48:16(6位),06:53:22(6位),08:54:53(6位),13:39:30(6位),16:42:25(7位),18:37:39(8位),22:55:17(16位),24:23:29(15位),26:20:12(13位),07:36.92
13,14,2195,佐藤　真琴,,02:12:19(57位),03:25:44(42位),05:28:11(40位),07:47:36(33位),09:56:35(26位),14:51:11(16位),17:33:40(15位),19:36:15(20位),22:49:42(14位),24:22:21(13位),26:21:12(14位),07:37.21
14,15,2434,山影　智美,もんてびあ,02:15:47(74位),03:25:33(41位),05:23:09(34位),07:42:59(29位),09:57:50(28位),14:51:32(18位),17:42:30(20位),19:39:11(21位),22:56:46(17位),24:38:06(16位),26:29:13(15位),07:39.53
15,16,2330,長谷川　章,,02:03:42(21位),03:16:10(23位),05:15:08(25位),07:35:47(23位),09:50:50(21位),14:50:38(15位),17:29:35(14位),19:29:32(14位),23:01:41(19位),24:44:45(18位),26:30:51(16位),07:40.00
16,17,2142,熊谷　祐介,チキンハート,01:55:11(8位),03:04:18(9位),04:49:25(9位),07:06:22(9位),09:16:42(8位),13:54:48(7位),16:41:52(6位),18:36:53(7位),22:08:46(8位),24:22:10(12位),26:35:08(17位),07:41.24
17,18,2008,朝野　憲司,ユニバーサルＲＣ,02:04:32(26位),03:14:18(21位),05:05:07(17位),07:30:39(18位),09:35:52(15位),14:26:08(10位),17:26:31(13位),19:29:18(13位),22:51:40(15位),24:43:47(17位),26:39:31(18位),07:42.51
18,19,2001,青木　聖治,,02:20:40(138位),03:43:39(143位),05:51:22(89位),08:06:09(54位),10:13:05(38位),14:51:19(17位),17:34:58(16位),19:30:11(15位),23:03:42(20位),24:56:08(20位),27:10:40(19位),07:51.51
19,20,2448,山本　大成,小金井おじ練,02:01:42(15位),03:10:01(13位),05:02:33(14位),07:24:49(16位),09:35:03(14位),14:51:39(19位),17:39:48(19位),19:34:58(18位),23:08:32(21位),24:59:26(21位),27:15:30(20位),07:52.91
20,21,2310,中原　太一,,02:10:51(47位),03:23:53(37位),05:26:03(37位),07:53:37(40位),10:06:41(36位),15:01:06(23位),17:36:37(17位),19:35:18(19位),23:00:21(18位),24:49:10(19位),27:18:54(21位),07:53.89
21,22,2034,市川　智一,セルベサ軍団,02:03:33(20位),03:13:52(18位),05:07:09(18位),07:15:39(10位),09:19:35(9位),14:52:07(20位),17:38:47(18位),19:34:03(17位),23:11:18(22位),25:21:56(22位),27:51:44(22位),08:03.39
22,23,2453,横山　重宏,ラモンテAC,02:14:28(70位),03:34:24(75位),05:42:07(62位),08:07:22(56位),10:32:19(50位),15:58:09(39位),18:44:01(31位),20:41:22(27位),24:07:40(25位),26:02:17(25位),28:05:09(23位),08:07.27
23,24,2182,坂本　隆太,市川ヨットスクール（仮）,02:01:22(14位),03:10:35(14位),05:01:18(12位),07:32:37(20位),09:43:01(16位),15:07:29(26位),17:58:14(23位),20:12:22(24位),23:48:47(23位),25:46:36(23位),28:05:53(24位),08:07.48
24,25,2208,清水　嘉男,ナイスおっさん,02:17:19(88位),03:30:06(55位),05:27:05(39位),07:47:56(34位),10:12:26(37位),15:46:34(37位),18:40:32(29位),20:48:35(31位),24:10:50(26位),26:05:46(26位),28:06:24(25位),08:07.63
25,26,2112,門脇　健児,,01:58:18(13位),03:05:13(11位),04:55:50(10位),07:05:28(8位),09:12:18(7位),15:04:19(24位),18:24:22(26位),20:47:58(29位),24:39:08(32位),26:12:00(28位),28:06:56(26位),08:07.79
26,27,2190,指江　大介,,02:04:36(27位),03:17:24(26位),05:20:26(31位),07:46:59(32位),09:54:47(24位),14:56:48(22位),18:05:30(24位),20:18:30(25位),23:56:41(24位),25:52:40(24位),28:24:40(27位),08:12.91
27,28,2369,布施　智之,ＡＬＬ☆ＯＵＴ,02:09:42(42位),03:25:45(43位),05:41:45(60位),08:00:36(45位),11:07:18(93位),16:47:04(67位),19:31:40(48位),21:38:23(47位),24:42:28(35位),26:22:55(29位),28:40:51(28位),08:17.59
28,29,2410,三田　愛,無限会社ZERO,02:23:34(184位),03:44:14(145位),05:54:32(104位),08:22:30(76位),10:45:35(65位),16:00:59(40位),18:53:08(36位),21:08:01(34位),24:41:18(34位),26:33:08(32位),28:41:08(29位),08:17.67
29,30,2046,井龍　哲朗,,02:21:15(148位),03:33:17(71位),05:33:15(45位),07:58:01(43位),10:13:27(40位),15:45:54(36位),18:42:16(30位),20:53:24(32位),24:29:32(31位),26:32:48(31位),28:44:54(30位),08:18.77
30,31,2206,島田　陽,二の鳥居グループラン,02:17:08(83位),03:33:27(72位),05:37:11(52位),08:04:49(51位),10:21:13(45位),16:02:03(41位),18:48:40(35位),20:48:08(30位),24:19:17(27位),26:10:19(27位),28:57:03(31位),08:22.28
31,32,2449,山本　宙,,02:19:04(117位),03:35:06(78位),05:50:05(84位),08:23:11(79位),10:39:31(59位),15:56:21(38位),19:02:10(38位),21:23:29(36位),25:10:37(41位),27:01:26(35位),28:57:09(32位),08:22.31
32,33,2177,酒井　隆,,02:17:29(91位),03:37:41(99位),05:50:48(86位),08:32:27(95位),11:00:44(83位),16:45:23(66位),19:48:28(55位),22:06:05(57位),25:39:06(53位),27:13:36(46位),29:07:51(33位),08:25.40
33,34,2377,細見　和広,,02:12:34(62位),03:30:49(57位),05:33:29(47位),08:02:22(47位),10:25:21(46位),16:20:36(52位),19:33:30(51位),21:29:30(41位),25:03:37(37位),26:53:38(33位),29:09:32(34位),08:25.89
34,35,2097,小倉　佑介,,02:11:55(53位),03:31:46(63位),05:37:14(53位),08:05:59(52位),10:29:20(48位),15:44:43(34位),18:39:14(28位),20:47:29(28位),24:19:54(28位),26:26:09(30位),29:09:53(35位),08:25.99
35,36,2359,福井　康太,フル百回楽走会,02:16:13(79位),03:36:05(87位),05:48:53(80位),08:23:48(81位),10:46:54(66位),16:20:40(53位),19:21:05(39位),21:32:05(43位),25:09:12(40位),27:04:21(39位),29:14:17(36位),08:27.26
36,37,2094,奥井　洋平,ONO練,02:12:11(54位),03:31:25(61位),05:48:51(79位),08:23:38(80位),10:53:57(78位),16:33:27(60位),19:31:31(47位),21:27:52(40位),25:08:41(39位),27:02:48(36位),29:14:39(37位),08:27.37
37,38,2460,脇田　久,,02:10:06(46位),03:23:37(36位),05:21:06(33位),07:45:21(31位),10:04:21(34位),15:22:50(30位),18:46:53(33位),21:25:30(39位),25:23:46(47位),27:22:19(48位),29:16:38(38位),08:27.94
38,39,2327,博田　亮,チキンハート,02:17:33(92位),03:35:31(81位),05:45:13(69位),08:20:15(71位),10:53:16(77位),16:22:58(54位),19:28:35(43位),21:46:12(52位),25:20:31(45位),27:10:09(44位),29:16:47(39位),08:27.98
39,40,2232,高井　宏治,静岡走ろう会,02:21:18(149位),03:46:16(163位),06:00:47(124位),08:40:33(119位),11:16:39(108位),16:39:44(61位),19:37:23(53位),21:37:28(44位),25:07:05(38位),27:03:46(38位),29:17:33(40位),08:28.21
40,41,2041,井上　吉博,,02:22:55(166位),03:43:48(144位),05:56:11(113位),08:27:10(85位),11:00:11(82位),16:31:02(58位),19:33:29(50位),21:39:38(50位),25:17:43(44位),27:10:46(45位),29:19:08(41位),08:28.66
41,42,2239,高橋　正幸,東京速度男子,02:08:03(37位),03:25:56(44位),05:30:58(44位),08:02:29(48位),10:16:03(43位),16:03:10(43位),19:29:31(46位),22:05:30(56位),25:33:55(51位),27:35:29(52位),29:19:51(42位),08:28.87
42,43,2314,成田　雅人,TEAM TRAILHEAD,02:18:51(112位),03:38:50(109位),05:55:19(107位),08:36:47(105位),11:09:05(95位),16:49:27(70位),19:53:12(58位),21:55:53(53位),25:29:30(50位),27:30:59(50位),29:21:35(43位),08:29.37
43,44,2355,廣瀬　亮子,,02:17:49(97位),03:37:02(93位),05:47:29(77位),08:16:33(67位),10:47:55(69位),16:28:02(55位),19:28:49(44位),21:38:34(48位),25:11:04(42位),27:04:24(40位),29:22:12(44位),08:29.55
44,45,2326,野村　勝,,02:10:01(44位),03:24:05(38位),05:25:18(36位),07:45:20(30位),10:04:26(35位),15:23:43(31位),18:48:24(34位),21:25:23(38位),25:23:41(46位),27:22:16(47位),29:25:25(45位),08:30.48
45,46,2185,桜井　真一,,02:25:20(209位),03:45:59(159位),05:54:45(105位),08:28:04(87位),10:53:13(76位),16:40:14(62位),19:35:26(52位),21:39:34(49位),25:16:50(43位),27:08:14(43位),29:32:38(46位),08:32.56
46,47,2401,松本　直久,,02:21:18(150位),03:33:05(70位),05:30:09(42位),07:59:16(44位),10:13:18(39位),16:10:30(44位),19:22:55(40位),21:23:35(37位),24:51:50(36位),26:59:15(34位),29:34:40(47位),08:33.15
47,48,2295,鳥居　悟,,02:16:06(77位),03:35:23(80位),05:50:52(87位),08:36:35(102位),11:04:42(89位),16:47:45(68位),19:53:29(59位),22:23:23(63位),25:53:41(59位),27:39:20(53位),29:39:43(48位),08:34.61
48,49,2170,今田　和美,MY STAR,02:12:27(59位),03:33:59(74位),05:41:55(61位),07:55:31(42位),10:32:26(51位),16:16:45(49位),20:18:29(65位),22:22:44(61位),25:52:22(57位),27:42:47(55位),29:43:39(49位),08:35.75
49,50,2382,堀越　由忠,彩湖ラファール,02:12:23(58位),03:35:51(84位),05:55:19(108位),08:23:10(78位),10:50:03(73位),16:31:22(59位),20:26:42(70位),23:01:12(75位),26:32:16(68位),28:06:57(63位),29:44:51(50位),08:36.10
50,51,2178,坂井　真弓,,02:22:52(164位),03:43:10(138位),06:01:32(128位),08:37:27(107位),11:10:00(98位),,22:20:27(147位),,25:53:36(58位),27:45:36(56位),29:46:50(51位),08:36.67
51,52,2279,辻野　喜仁,,02:16:03(76位),03:33:51(73位),05:48:27(78位),08:31:29(93位),11:05:00(91位),17:39:12(95位),20:24:47(67位),22:22:59(62位),25:39:57(54位),27:41:02(54位),29:48:43(52位),08:37.22
52,53,2407,水田　康秀,関トラ,02:15:58(75位),03:29:07(50位),05:30:27(43位),07:55:17(41位),10:16:11(44位),16:19:33(51位),19:44:51(54位),22:22:09(60位),25:55:30(61位),27:45:42(57位),29:48:55(53位),08:37.27
53,54,2043,今村　悟志,,02:18:55(115位),03:36:49(90位),05:46:11(72位),08:10:37(57位),10:29:56(49位),16:42:30(64位),19:52:46(56位),22:01:02(54位),25:29:04(49位),27:30:22(49位),29:53:54(54位),08:38.71
54,55,2296,鳥居　大輔,三丁目の鳥居家,02:22:03(156位),03:43:29(142位),06:01:50(129位),08:52:01(137位),11:38:52(140位),17:37:12(94位),20:39:53(78位),22:50:16(71位),26:22:43(64位),28:05:16(61位),29:56:30(55位),08:39.47
55,56,2246,滝澤　美香,,02:24:44(200位),03:41:16(124位),05:46:13(73位),08:10:55(58位),10:35:56(56位),16:42:33(65位),19:52:47(57位),22:05:01(55位),25:45:46(56位),27:47:37(60位),30:04:50(56位),08:41.88
56,57,2263,田中　賢,原パン連合会,01:53:54(5位),03:03:01(8位),05:00:43(11位),07:16:22(11位),09:29:52(12位),15:34:47(33位),19:24:18(41位),21:29:35(42位),25:28:37(48位),27:35:15(51位),30:11:33(57位),08:43.82
57,58,2172,斎藤　晃,チームふなち,02:25:45(218位),03:39:52(117位),05:58:57(123位),08:36:01(100位),11:00:55(84位),16:28:33(56位),19:29:15(45位),21:37:57(46位),25:40:59(55位),27:47:11(59位),30:20:25(58位),08:46.38
58,59,2251,竹内　竜也,練馬大根パン,02:22:54(165位),03:41:27(126位),05:52:48(91位),08:22:09(74位),10:38:28(58位),16:03:10(42位),18:53:51(37位),21:08:15(35位),24:40:37(33位),27:07:09(42位),30:27:16(59位),08:48.37
59,60,2268,田中丸　善太,,02:33:56(327位),03:59:45(270位),06:20:50(199位),09:06:34(178位),11:45:51(154位),17:44:45(101位),20:43:07(80位),22:46:56(69位),26:05:08(62位),27:45:47(58位),30:32:09(60位),08:49.78
60,61,2033,伊豆倉　健城,食堂パレス,02:03:54(23位),03:14:52(22位),05:09:44(21位),07:34:05(21位),09:49:42(20位),15:16:17(28位),18:10:24(25位),20:07:34(23位),24:25:42(30位),27:04:38(41位),30:36:56(61位),08:51.16
61,62,2391,松井　豊,ナイスおっさん,02:21:02(143位),03:36:36(88位),05:50:29(85位),08:21:12(72位),,17:05:42(75位),20:02:27(62位),22:08:51(58位),25:55:10(60位),28:06:13(62位),30:37:24(62位),08:51.29
62,63,2200,篠田　岳史,New Friend Running Club,02:04:32(25位),03:17:56(28位),05:39:57(55位),08:38:18(112位),11:03:45(88位),17:20:16(84位),20:28:17(72位),22:56:24(74位),26:27:47(66位),28:31:33(68位),30:39:22(63位),08:51.86
63,64,2324,野田　敬弘,肉体べんじょ派,02:20:30(133位),03:37:22(97位),06:02:06(130位),08:22:55(77位),10:44:50(63位),15:32:02(32位),18:26:34(27位),20:34:58(26位),24:23:30(29位),27:03:08(37位),30:39:36(64位),08:51.93
64,65,2390,松井　勝美,,02:13:46(67位),03:32:19(66位),05:56:39(115位),08:44:42(125位),11:18:51(111位),17:09:31(78位),20:28:18(73位),22:45:03(68位),26:30:26(67位),28:26:31(66位),30:44:11(65位),08:53.25
65,66,2421,村井　信一,,02:30:20(279位),03:46:49(169位),06:20:37(197位),09:01:17(163位),11:30:38(124位),17:46:53(102位),21:04:27(92位),23:32:54(90位),27:12:58(75位),29:02:29(72位),30:54:50(66位),08:56.34
66,67,2447,山本　元,,02:29:30(270位),03:54:12(225位),06:14:48(173位),08:37:49(109位),11:07:17(92位),17:00:49(73位),20:11:41(63位),22:25:56(65位),26:22:03(63位),28:30:12(67位),30:56:31(67位),08:56.82
67,68,2075,大竹　正明,高島平走友会,02:26:14(223位),03:47:07(170位),06:10:20(157位),08:45:13(126位),11:17:06(110位),17:14:38(81位),20:25:15(68位),22:37:10(66位),26:37:27(70位),28:42:27(69位),31:06:14(68位),08:59.63
68,69,2249,田口　雄一,,02:22:00(155位),03:40:54(122位),05:56:01(111位),08:51:20(134位),11:31:40(127位),17:42:16(97位),20:45:06(84位),22:54:21(73位),26:25:16(65位),28:25:16(65位),31:15:22(69位),09:02.27
69,70,2250,竹井　英美,,02:15:05(72位),03:37:38(98位),05:52:53(93位),08:35:21(98位),11:14:23(107位),17:13:48(80位),20:15:28(64位),22:40:20(67位),26:40:59(71位),28:58:26(71位),31:19:04(70位),09:03.34
70,71,2176,斉藤　渉,スポーツエイド・ジャパン弘前,02:09:25(41位),03:24:53(39位),05:54:26(102位),08:39:35(114位),11:09:55(97位),17:23:13(86位),20:39:22(77位),23:09:28(80位),26:58:59(72位),29:04:52(73位),31:28:00(71位),09:05.92
71,72,2269,田邉　拓也,オリエンティア軍団,02:03:24(18位),03:14:00(19位),05:09:36(20位),07:30:56(19位),10:03:13(31位),16:15:35(47位),20:01:53(61位),22:24:32(64位),26:33:07(69位),28:43:15(70位),31:35:13(72位),09:08.01
72,73,2144,蔵本　隆充,,02:30:45(282位),03:56:56(253位),06:15:34(175位),09:12:40(194位),11:58:37(176位),18:37:57(147位),21:58:04(130位),23:59:01(106位),27:31:47(84位),29:19:57(75位),31:35:42(73位),09:08.15
73,74,2259,立花　利之,としびっち,02:19:35(123位),03:44:51(149位),06:23:45(211位),09:04:47(169位),11:39:25(142位),17:54:23(108位),21:14:45(96位),,27:14:14(76位),29:23:21(76位),31:37:31(74位),09:08.68
74,75,2188,佐々木　利昭,,02:23:19(174位),03:50:35(202位),06:13:17(167位),08:37:33(108位),11:12:13(103位),17:19:02(83位),20:53:30(89位),23:25:03(88位),27:22:03(79位),29:43:46(80位),31:38:16(75位),09:08.89
75,76,2444,山中　俊郎,RUN DMC,02:20:22(132位),03:39:30(114位),05:56:49(116位),08:40:11(118位),11:19:02(113位),17:50:01(103位),21:41:46(112位),23:47:12(98位),27:25:46(82位),29:26:04(77位),31:42:55(76位),09:10.24
76,77,2456,吉田　佳史,,02:25:02(204位),03:55:21(238位),06:25:45(221位),09:26:28(225位),12:14:34(198位),18:39:25(149位),21:41:09(110位),23:48:42(99位),27:42:34(91位),29:46:10(82位),32:02:32(77位),09:15.91
77,78,2334,服部　伸,加波一族,02:19:30(122位),03:40:47(121位),06:00:53(125位),08:34:47(96位),11:04:58(90位),17:09:41(79位),20:40:35(79位),23:18:22(87位),27:09:36(74位),29:29:44(79位),32:03:55(78位),09:16.31
78,79,2266,田中　さゆり,,02:18:40(110位),03:38:48(108位),05:53:18(96位),08:30:19(88位),10:59:36(80位),17:33:02(90位),20:53:27(88位),23:25:10(89位),27:33:37(86位),29:49:27(85位),32:05:18(79位),09:16.71
79,80,2025,伊澤　忠支,武蔵ＵＭＣ,02:33:27(315位),04:00:47(274位),06:43:57(292位),09:37:24(256位),12:11:08(189位),18:18:21(127位),21:30:10(100位),23:46:03(95位),27:36:32(87位),29:44:12(81位),32:08:58(80位),09:17.77
80,81,2210,下田　瞬,いわてゆるラン,02:05:36(31位),03:19:59(31位),05:29:28(41位),08:04:32(50位),10:33:01(52位),16:47:55(69位),20:25:41(69位),23:06:47(79位),27:19:17(78位),29:29:29(78位),32:09:28(81位),09:17.92
81,82,2431,柳沢　智和,,02:37:51(373位),04:10:28(342位),06:42:15(286位),09:37:56(259位),12:26:07(228位),18:48:18(158位),22:11:11(142位),24:26:44(127位),27:50:38(94位),29:56:56(87位),32:11:05(82位),09:18.38
82,83,2370,船木　伸一,スリーゴリラズ,02:33:40(321位),03:59:41(267位),06:23:21(208位),09:06:32(177位),11:38:30(137位),17:52:46(106位),20:56:08(90位),23:13:50(84位),27:09:07(73位),29:12:13(74位),32:15:53(83位),09:19.77
83,84,2152,小池　秋久,サッポロ一番,02:27:16(241位),03:53:22(220位),06:15:11(174位),09:00:54(162位),11:37:59(136位),17:53:59(107位),20:52:13(87位),23:11:00(82位),27:22:40(80位),29:46:48(84位),32:16:57(84位),09:20.08
84,85,2030,石田　隆,熊谷熱走会,02:31:17(289位),04:02:59(293位),06:41:42(283位),09:34:54(248位),12:12:41(194位),18:24:55(134位),21:45:41(116位),24:03:54(110位),28:04:42(103位),30:02:12(90位),32:25:38(85位),09:22.59
85,86,2045,入谷　淳,,02:18:24(104位),03:39:38(115位),05:53:29(99位),08:31:21(91位),11:13:40(105位),17:36:04(93位),20:44:08(81位),23:06:06(78位),27:17:51(77位),29:46:12(83位),32:26:25(86位),09:22.82
86,87,2254,武田　典子,多摩川サブ３会,02:26:42(234位),03:49:57(198位),06:20:48(198位),09:12:25(193位),12:10:58(188位),18:15:59(123位),21:33:39(106位),23:46:06(96位),27:41:34(89位),29:58:10(88位),32:29:22(87位),09:23.67
87,88,2027,石黒　麻起子,,02:17:14(85位),03:38:24(106位),05:52:21(90位),08:21:25(73位),10:42:10(62位),16:17:00(50位),19:25:50(42位),21:42:47(51位),25:38:47(52位),28:21:37(64位),32:34:53(88位),09:25.27
88,89,2319,西田　裕,二子玉川走友会,02:27:48(249位),03:49:45(195位),06:12:08(164位),09:00:19(161位),11:50:00(163位),18:01:11(112位),21:31:21(101位),23:49:53(100位),27:53:11(96位),30:00:55(89位),32:35:51(89位),09:25.54
89,90,2040,井上　博,ＡＬＬ☆OUT,02:11:13(49位),03:30:55(59位),05:56:03(112位),08:30:56(90位),11:03:44(87位),17:43:54(99位),20:49:15(86位),23:04:48(76位),27:23:41(81位),29:54:29(86位),32:38:19(90位),09:26.26
90,91,2350,比田井　貴之,信州上田脚尽會,02:23:25(176位),03:51:57(212位),06:34:00(264位),09:30:34(236位),12:23:35(220位),18:26:26(137位),21:33:27(105位),23:37:16(91位),27:51:34(95位),30:16:10(97位),32:41:42(91位),09:27.24
91,92,2396,松田　清英,,02:21:04(144位),03:46:19(165位),06:11:31(161位),09:02:13(166位),11:46:26(156位),18:16:37(125位),21:33:02(103位),23:57:42(104位),27:42:31(90位),30:10:11(94位),32:44:16(92位),09:27.98
92,93,2260,立石　隆也,東京局,02:16:09(78位),03:39:16(112位),06:06:43(146位),08:52:05(138位),11:33:58(132位),18:09:23(120位),21:40:24(109位),24:00:52(108位),27:57:50(97位),30:09:12(93位),32:45:57(93位),09:28.46
93,94,2423,村上　泰広,,02:12:34(61位),03:26:50(46位),05:44:23(67位),08:16:45(68位),10:37:49(57位),17:41:38(96位),21:38:21(108位),23:57:03(103位),28:18:04(109位),30:10:32(95位),32:46:35(94位),09:28.65
94,95,2196,佐藤　基香,Team Trippers,02:25:11(206位),03:53:40(223位),06:14:17(171位),09:00:01(159位),11:44:59(151位),17:33:32(91位),21:03:57(91位),23:46:18(97位),28:02:23(101位),30:08:06(92位),32:51:28(95位),09:30.06
95,96,2380,堀　泰宏,無限会社ZERO,02:27:55(250位),03:55:47(244位),06:20:03(193位),08:59:52(157位),11:46:47(158位),18:01:43(113位),21:37:40(107位),24:00:53(109位),28:09:08(105位),30:31:11(104位),33:06:23(96位),09:34.37
96,97,2451,山谷　享誉,シーレックスRC,02:20:21(130位),03:36:46(89位),05:39:30(54位),08:06:00(53位),10:42:05(61位),16:42:23(63位),20:32:27(75位),23:44:21(93位),27:58:51(98位),30:26:33(102位),33:08:33(97位),09:35.00
97,98,2161,後藤　浩,ゴトウ・オレンジピールチョコレート,02:25:28(212位),03:49:26(187位),06:20:29(196位),09:11:14(188位),12:32:32(243位),18:43:32(152位),21:56:20(127位),24:27:28(128位),28:13:17(106位),30:19:12(100位),33:08:38(98位),09:35.03
98,99,2464,渡辺　達也,,02:36:21(364位),04:06:33(322位),06:38:21(274位),09:23:02(211位),11:55:43(173位),18:28:04(138位),21:58:28(131位),24:14:04(114位),28:18:42(111位),30:34:24(106位),33:13:46(99位),09:36.51
99,100,2357,深村　宣也,サトセナがんばるよー,02:17:16(87位),03:40:59(123位),06:02:22(131位),08:40:02(117位),11:26:01(119位),18:18:42(128位),22:02:47(133位),24:20:12(116位),28:28:06(116位),30:33:13(105位),33:18:57(100位),09:38.01
100,101,2163,小林　健二,チーム アキラ300％,02:25:44(217位),03:55:12(236位),06:26:40(224位),09:43:49(277位),12:59:00(301位),19:24:43(196位),22:43:21(165位),24:54:55(151位),28:38:19(122位),30:47:21(110位),33:20:01(101位),09:38.32
101,102,2211,守隨　吉将,,02:18:26(106位),03:42:47(135位),06:25:44(220位),09:06:01(175位),11:47:57(161位),18:19:26(130位),22:03:52(135位),24:21:15(119位),28:21:07(112位),30:36:23(107位),33:23:23(102位),09:39.29
102,103,2218,杉原　英之,,02:21:18(151位),03:47:42(178位),06:15:45(176位),08:59:33(156位),11:33:04(128位),17:35:46(92位),21:13:23(95位),23:41:51(92位),27:49:51(93位),30:17:28(99位),33:27:25(103位),09:40.45
103,104,2214,庄司　広之,,02:33:51(323位),04:05:34(315位),06:33:56(263位),09:22:27(209位),12:02:22(181位),18:01:44(114位),21:26:09(99位),23:52:14(101位),27:58:52(99位),30:26:00(101位),33:28:44(104位),09:40.83
104,105,2127,菊地　淳二,軽トラ,02:41:56(399位),04:06:24(321位),06:24:37(214位),09:05:23(172位),11:57:16(175位),18:19:41(131位),21:53:37(123位),24:15:52(115位),28:02:48(102位),30:29:20(103位),33:32:12(105位),09:41.84
105,106,2306,中嶋　一博,高浜走友会,02:22:56(167位),03:50:43(204位),06:21:09(201位),10:11:02(347位),13:24:22(338位),19:34:21(209位),22:54:16(174位),25:13:48(163位),29:01:27(131位),30:57:20(118位),33:32:47(106位),09:42.01
106,107,2087,岡部　陽介,サウルスジャパン,02:05:04(30位),03:27:30(48位),05:42:51(63位),08:27:22(86位),11:01:04(85位),17:30:34(89位),20:45:03(83位),23:11:52(83位),27:29:28(83位),30:05:40(91位),33:33:17(107位),09:42.15
107,108,2316,西尾　亜門,ＢＳ魂,02:21:14(147位),03:47:28(171位),06:11:58(162位),09:02:14(167位),11:47:16(159位),18:15:25(122位),21:56:13(126位),24:22:26(121位),28:37:10(120位),31:01:13(120位),33:36:16(108位),09:43.01
108,109,2244,高山　福太郎,,02:20:35(135位),03:32:55(69位),05:34:34(48位),08:00:55(46位),10:26:45(47位),17:22:13(85位),21:08:54(93位),23:53:25(102位),28:17:06(108位),30:48:42(112位),33:36:39(109位),09:43.12
109,110,2150,桑原　芳徳,東京速度男子,02:08:08(38位),03:26:01(45位),05:35:26(50位),08:31:26(92位),11:14:02(106位),17:44:42(100位),21:42:32(114位),24:34:33(137位),28:06:57(104位),30:16:22(98位),33:37:37(110位),09:43.40
110,111,2336,服部　良隆,ＦＲＵＮクジラ,02:31:35(295位),03:55:30(241位),06:16:28(177位),09:23:33(213位),12:26:19(231位),18:45:43(155位),22:06:04(136位),24:22:24(120位),28:26:26(114位),30:44:21(109位),33:38:03(111位),09:43.53
111,112,2076,大谷　司,王子スポーツクラブ,02:33:34(318位),03:58:58(262位),06:23:16(207位),09:22:48(210位),12:19:59(210位),19:22:30(191位),22:54:51(177位),25:16:47(169位),29:26:42(155位),31:36:11(142位),33:40:18(112位),09:44.18
112,113,2207,清水　崇弘,印旛練,02:26:44(236位),03:43:17(139位),05:53:13(95位),08:31:44(94位),11:09:16(96位),18:07:00(118位),21:55:26(124位),24:07:59(111位),28:18:13(110位),30:49:05(113位),33:42:12(113位),09:44.73
113,114,2308,長島　政史,,02:31:11(287位),03:56:55(252位),06:17:40(179位),09:02:33(168位),12:02:33(183位),19:02:56(171位),23:07:35(194位),25:29:05(184位),28:31:21(118位),30:49:22(114位),33:42:27(114位),09:44.80
114,115,2445,山村　浩太郎,鉄塔倶楽部,02:25:21(210位),03:45:27(155位),06:03:43(137位),08:41:47(120位),11:16:56(109位),17:06:39(77位),20:33:24(76位),23:18:10(86位),27:37:01(88位),30:14:06(96位),33:47:16(115位),09:46.19
115,116,2062,永住　英男,,02:29:25(267位),03:54:50(232位),06:22:33(205位),09:07:32(181位),12:15:10(199位),20:35:12(281位),24:07:24(272位),26:09:40(236位),30:03:12(206位),31:46:17(151位),33:48:47(116位),09:46.64
116,117,2446,山本　賀世,,02:34:41(339位),04:13:53(366位),07:09:18(386位),10:50:43(399位),13:45:49(371位),19:48:27(232位),23:03:04(186位),25:15:09(166位),29:24:44(152位),31:25:42(130位),33:58:33(117位),09:49.46
117,118,2248,田口　拓,danny街ラン部,02:39:04(384位),04:10:45(346位),06:46:02(307位),09:47:48(286位),12:40:57(265位),19:05:48(172位),22:01:41(132位),24:29:11(130位),28:38:50(123位),31:02:58(122位),34:01:16(118位),09:50.25
118,119,2115,鏑木　知穂,湘南スターズ,02:18:36(109位),03:41:21(125位),06:06:46(147位),08:59:16(153位),11:43:59(148位),18:19:15(129位),22:03:00(134位),24:20:49(117位),28:37:22(121位),31:13:51(124位),34:02:20(119位),09:50.55
119,120,2285,寺田　泰宏,SMTラン企画,02:27:15(240位),03:48:26(180位),06:18:22(183位),09:16:52(204位),12:12:25(192位),18:36:17(145位),22:10:18(140位),24:20:52(118位),28:24:18(113位),30:53:22(115位),34:03:08(120位),09:50.78
120,121,2051,岩根　康朗,アスロニアグータロー,02:24:48(202位),03:55:11(234位),06:38:45(275位),09:39:31(265位),12:23:54(221位),18:58:19(164位),22:08:05(137位),24:31:10(134位),28:43:23(126位),31:07:27(123位),34:06:14(121位),09:51.68
121,122,2414,箕輪　克美,ストライズ,02:34:14(333位),04:01:40(282位),06:33:14(256位),09:41:12(273位),12:35:24(250位),19:35:03(212位),23:17:37(209位),25:24:37(181位),29:26:19(153位),31:35:02(139位),34:06:46(122位),09:51.84
122,123,2399,松村　誠,MKC Running Club,02:26:08(222位),03:54:23(230位),06:14:05(169位),09:09:57(185位),12:08:28(186位),19:12:00(176位),23:05:32(190位),25:14:25(165位),29:19:59(148位),31:26:32(131位),34:06:51(123位),09:51.86
123,124,2276,千葉　正和,ラ・コスパ,02:28:24(258位),03:56:07(246位),06:31:30(248位),09:12:52(195位),11:59:15(178位),18:43:04(151位),22:10:01(139位),24:32:40(136位),29:20:32(149位),31:54:07(162位),34:08:22(124位),09:52.30
124,125,2101,小野　辰夫,I Love Vasto,02:33:26(314位),04:12:33(357位),06:58:26(360位),10:00:58(322位),12:59:30(303位),19:30:26(204位),22:52:01(172位),25:11:33(158位),28:59:11(127位),31:01:41(121位),34:09:03(125位),09:52.49
125,126,2274,Dala　Joey,LARENA SIQUIJOR,02:24:11(197位),03:49:09(185位),06:30:07(243位),09:37:27(257位),12:42:06(268位),19:49:17(233位),23:36:47(232位),25:49:33(211位),29:42:24(174位),32:00:15(169位),34:10:56(126位),09:53.04
126,127,2189,佐々木　美穂,,02:30:52(284位),04:04:48(306位),06:38:50(276位),09:37:08(255位),12:23:58(222位),18:51:01(161位),22:21:28(149位),24:36:55(138位),28:32:29(119位),31:30:29(135位),34:11:05(127位),09:53.08
127,128,2138,草間　亜樹,,02:18:20(102位),03:40:08(118位),06:05:18(142位),08:58:44(152位),12:15:10(200位),18:49:47(160位),22:27:44(155位),24:50:26(146位),29:02:51(136位),31:35:18(140位),34:11:44(128位),09:53.27
128,129,2092,小川　登志幸,ランジョグ,02:26:15(225位),04:00:54(275位),06:22:34(206位),09:15:37(203位),12:04:39(185位),18:33:50(143位),21:57:10(128位),24:27:34(129位),28:43:22(125位),31:19:13(127位),34:12:58(129位),09:53.63
129,130,2284,寺田　智哉,ＲＲＴ,02:29:15(264位),03:53:24(221位),06:04:40(141位),08:42:53(124位),11:22:26(114位),18:12:57(121位),21:53:35(122位),24:12:33(113位),28:28:12(117位),30:54:11(116位),34:14:09(130位),09:53.97
130,131,2307,中嶋　信太郎,神奈川登ろう会,02:20:39(137位),03:42:34(133位),05:55:44(109位),08:35:58(99位),11:10:25(99位),19:08:48(174位),22:54:53(178位),25:26:47(182位),29:46:21(178位),32:03:32(173位),34:16:47(131位),09:54.73
131,132,2052,上岡　裕,,02:26:43(235位),03:52:42(217位),06:19:20(189位),09:30:12(233位),12:18:37(204位),19:25:15(198位),23:18:32(210位),25:20:14(173位),29:03:29(137位),31:29:38(133位),34:19:03(132位),09:55.38
132,133,2113,金木　真奈,,02:26:48(237位),03:53:12(219位),06:19:25(190位),09:30:18(234位),12:18:46(206位),19:25:24(199位),23:18:51(211位),25:20:24(174位),29:03:29(138位),31:30:30(136位),34:19:09(133位),09:55.41
133,134,2420,牟田口　元,なし,02:35:04(350位),04:07:47(327位),06:53:15(341位),09:39:45(266位),12:28:10(233位),18:33:42(141位),21:50:57(120位),24:25:10(124位),29:00:35(129位),31:20:16(128位),34:20:54(134位),09:55.92
134,135,2459,若林　隆史,ランジョグ,02:23:49(187位),03:47:41(175位),06:29:18(237位),09:11:09(187位),12:32:40(244位),19:21:29(190位),23:01:35(184位),25:29:07(185位),,32:07:00(178位),34:21:13(135位),09:56.01
135,136,2290,東藤　義人,,02:32:55(310位),04:10:42(345位),06:49:15(323位),10:03:37(329位),13:02:35(309位),19:23:56(193位),22:55:10(179位),25:11:57(159位),29:15:15(145位),31:33:29(137位),34:23:00(136位),09:56.53
136,137,2287,田頭　朗央,,02:19:54(127位),03:38:13(105位),06:01:32(127位),08:25:14(83位),10:50:35(74位),16:50:38(71位),20:31:40(74位),23:05:05(77位),28:14:46(107位),30:54:31(117位),34:25:40(137位),09:57.30
137,138,2007,秋間　秀樹,OKJ TOKYO,02:21:10(146位),03:54:12(226位),06:29:01(233位),09:47:44(285位),12:59:06(302位),20:21:26(268位),23:19:22(212位),25:23:19(180位),29:09:10(141位),31:34:18(138位),34:26:29(138位),09:57.53
138,139,2435,山口　順也,,02:26:02(221位),03:51:51(211位),06:23:35(209位),09:24:32(215位),12:20:36(213位),19:48:12(231位),23:22:51(219位),26:01:06(226位),29:57:14(196位),32:10:48(185位),34:29:02(139位),09:58.27
139,140,2397,松林　勇人,ＲＲＴ,02:21:56(154位),03:40:22(119位),05:55:06(106位),08:36:39(103位),11:08:19(94位),16:57:37(72位),20:24:41(66位),22:52:37(72位),27:44:36(92位),30:48:37(111位),34:29:50(140位),09:58.50
140,141,2385,前泊　桂丞,前泊家の人々。,02:34:46(345位),04:13:55(367位),07:09:19(387位),10:50:59(400位),13:45:45(370位),20:48:29(292位),23:51:16(248位),26:12:45(241位),30:04:30(208位),32:02:22(171位),34:29:53(141位),09:58.52
141,142,2313,鍋島　由香里,,02:28:29(259位),03:54:21(229位),06:24:31(213位),09:14:27(200位),12:15:38(202位),18:32:39(140位),22:10:41(141位),24:26:30(126位),29:05:11(140位),31:18:09(125位),34:32:39(142位),09:59.32
142,143,2165,小林　義和,,02:41:06(396位),04:30:36(409位),07:00:50(364位),10:03:10(328位),13:08:56(316位),20:06:35(255位),23:28:09(225位),25:49:27(210位),29:43:16(176位),31:58:28(168位),34:32:40(143位),09:59.32
143,144,2099,落田　徹,OAG税理士法人,02:28:33(261位),03:46:15(162位),06:24:40(215位),09:11:29(189位),12:03:42(184位),18:38:34(148位),22:38:34(161位),24:42:18(141位),29:05:05(139位),31:18:32(126位),34:32:52(144位),09:59.38
144,145,2392,松尾　潤,,02:27:23(242位),03:55:30(240位),06:45:41(301位),09:37:43(258位),12:37:30(257位),19:29:59(203位),22:54:38(175位),25:10:40(157位),29:16:45(146位),31:22:26(129位),34:36:07(145位),10:00.32
145,146,2032,石野　久実,,02:32:16(304位),03:55:25(239位),06:29:51(240位),09:14:17(199位),12:23:18(219位),18:48:46(159位),22:23:27(150位),24:48:27(145位),29:14:49(144位),31:48:38(155位),34:36:34(146位),10:00.45
146,147,2203,柴田　誠二,Tomos Pit,02:43:15(406位),04:15:22(375位),06:50:15(329位),09:48:50(290位),12:41:05(266位),19:37:14(217位),22:59:27(183位),25:21:35(177位),29:23:44(151位),31:39:08(146位),34:36:44(147位),10:00.50
147,148,2462,和田　美佳,,02:31:38(296位),04:04:06(302位),06:45:15(297位),10:00:15(320位),12:55:17(288位),19:50:39(235位),23:01:55(185位),25:19:37(172位),29:38:55(169位),31:46:23(152位),34:37:08(148位),10:00.62
148,149,2147,栗原　幸夫,らんこよ,02:32:58(312位),03:55:37(242位),06:25:16(219位),09:25:34(222位),12:15:39(203位),19:02:31(169位),22:29:50(156位),24:46:15(144位),29:02:17(134位),31:27:51(132位),34:38:24(149位),10:00.98
149,150,2457,吉永　裕之,,02:23:49(186位),03:42:15(130位),06:03:31(135位),09:05:22(171位),11:54:03(169位),19:32:46(207位),22:54:51(176位),25:22:28(179位),29:38:13(168位),32:21:41(201位),34:38:24(150位),10:00.98
150,151,2440,山下　佳久,Team Green,02:27:55(251位),04:08:38(329位),06:46:41(310位),09:43:47(276位),12:29:57(237位),19:32:04(206位),23:05:56(191位),25:32:21(189位),29:40:09(172位),31:54:47(164位),34:39:28(151位),10:01.29
151,152,2366,藤森　亜希子,MoriMori,02:17:57(99位),03:47:42(177位),06:18:30(184位),09:13:09(197位),11:55:02(170位),18:37:14(146位),22:08:56(138位),24:45:35(142位),29:13:10(142位),31:36:16(143位),34:40:19(152位),10:01.54
152,153,2079,大沼　慎也,慶大陸上同好会,02:43:57(411位),04:20:27(395位),06:48:35(317位),10:04:10(331位),13:14:54(323位),20:30:57(278位),23:54:09(256位),26:11:44(238位),30:04:44(210位),32:10:30(184位),34:40:21(153位),10:01.55
153,154,2294,土肥　靖弘,神奈川登ろう会,02:23:05(170位),03:48:52(183位),06:24:10(212位),09:35:16(251位),12:29:49(235位),19:31:48(205位),22:58:18(182位),25:21:43(178位),,31:51:54(158位),34:40:23(154位),10:01.56
154,155,2413,峰岸　幸雄,,02:18:35(108位),03:52:44(218位),06:36:33(268位),09:49:50(293位),12:53:36(285位),20:15:33(262位),23:28:40(226位),25:54:04(219位),29:51:44(189位),31:52:01(160位),34:40:48(155位),10:01.68
155,156,2374,星　麻樹,弘前公園RC,02:29:37(272位),03:58:58(261位),06:29:08(234位),09:15:01(201位),12:02:28(182位),18:58:27(165位),22:33:40(158位),25:08:53(154位),29:21:12(150位),31:46:43(153位),34:41:01(156位),10:01.73
156,157,2379,帆引　豊,,02:30:25(280位),03:57:57(257位),06:32:09(252位),09:31:20(241位),12:33:37(246位),19:23:59(194位),22:56:20(181位),25:21:26(176位),29:35:43(164位),31:45:03(150位),34:41:01(157位),10:01.74
157,158,2309,中野　淳,横浜鶴見ＲＣ,02:32:58(311位),04:05:05(310位),06:39:22(278位),09:34:36(247位),12:25:06(227位),19:21:04(189位),22:48:44(169位),25:13:00(162位),29:27:58(157位),31:47:58(154位),34:42:23(158位),10:02.13
158,159,2066,遠藤　司,石岡TRC/ヒノトリレン,02:22:45(162位),03:38:05(102位),05:45:27(70位),08:12:32(60位),10:44:56(64位),17:04:18(74位),20:45:02(82位),23:10:16(81位),28:26:28(115位),31:37:00(144位),34:42:36(159位),10:02.19
159,160,2403,三井田　明隆,,02:42:52(403位),04:17:44(387位),07:06:58(378位),10:15:55(354位),13:18:31(331位),20:03:42(251位),23:12:04(199位),25:37:27(194位),29:43:20(177位),31:57:46(167位),34:42:42(160位),10:02.22
160,161,2408,水野　慎也,,02:28:45(262位),03:59:57(271位),06:33:48(262位),09:40:44(269位),12:37:27(256位),19:20:29(188位),22:39:34(163位),25:01:18(152位),29:14:14(143位),31:35:45(141位),34:42:44(161位),10:02.24
161,162,2387,真島　一成,,02:27:58(252位),03:54:14(227位),06:09:25(155位),09:05:57(174位),12:32:47(245位),19:02:38(170位),22:38:01(160位),25:02:24(153位),29:26:55(156位),31:52:09(161位),34:42:50(162位),10:02.26
162,163,2005,赤羽　伴内,チームまみむ,02:25:31(213位),03:51:24(208位),06:31:14(247位),09:40:26(268位),12:45:02(271位),20:00:14(244位),23:13:57(203位),25:32:33(190位),29:26:37(154位),31:37:13(145位),34:43:09(163位),10:02.36
163,164,2339,早川　修,埼玉県庁走友会,02:19:39(124位),03:44:29(147位),06:17:54(180位),09:15:16(202位),12:12:28(193位),19:12:00(177位),22:52:12(173位),25:16:25(167位),29:33:33(161位),31:51:56(159位),34:45:35(164位),10:03.06
164,165,2231,多井　友和,,02:27:23(243位),03:50:50(205位),06:19:07(186位),09:13:23(198位),12:10:45(187位),19:19:59(187位),23:13:45(201位),25:52:22(216位),29:57:43(197位),32:11:56(186位),34:47:56(165位),10:03.74
165,166,2364,藤野　学,,02:23:15(171位),03:46:03(161位),06:02:30(132位),08:55:41(146位),11:45:31(153位),18:32:30(139位),21:55:38(125位),24:25:46(125位),29:00:36(130位),31:39:38(147位),34:50:00(166位),10:04.33
166,167,2325,野辺　慎一,IG茨城ランナーズ,02:17:53(98位),03:37:19(96位),05:55:58(110位),08:57:40(150位),11:47:30(160位),18:34:26(144位),21:57:31(129位),24:30:12(133位),29:02:42(135位),31:41:37(148位),34:51:57(167位),10:04.90
167,168,2363,藤田　このむ,二子玉川走友会,02:22:32(159位),03:44:56(151位),06:04:15(138位),08:53:06(140位),11:41:19(143位),18:22:48(132位),22:25:40(152位),24:50:35(147位),29:01:48(133位),31:30:25(134位),34:52:20(168位),10:05.01
168,169,2130,木田　直光,,02:36:17(363位),04:16:33(378位),06:52:52(340位),09:49:21(291位),13:00:27(305位),19:19:06(185位),22:41:39(164位),25:17:44(170位),29:37:26(166位),32:08:43(181位),34:54:03(169位),10:05.51
169,170,2053,上里　勝進,,02:32:34(306位),04:05:09(312位),06:45:43(303位),10:06:27(336位),12:57:12(296位),19:27:33(200位),22:55:55(180位),25:14:12(164位),29:39:13(170位),32:06:13(176位),34:55:43(170位),10:05.99
170,171,2424,毛利　公彦,JOCVPK,02:35:37(358位),04:11:16(347位),06:45:19(298位),09:47:04(284位),12:36:02(254位),19:35:19(213位),22:46:00(168位),25:12:43(160位),29:35:36(163位),31:56:17(166位),34:55:54(171位),10:06.04
171,172,2060,宇田川　和之,,02:28:03(254位),03:56:16(248位),06:22:20(204位),09:19:45(206位),,19:01:00(168位),22:50:22(170位),25:20:25(175位),29:47:44(182位),32:04:59(175位),34:56:23(172位),10:06.18
172,173,2191,佐藤　昭子,チーム水曜高尾練,02:22:42(161位),,06:19:16(187位),08:56:21(147位),11:31:31(126位),19:14:16(181位),23:03:32(188位),25:31:16(187位),29:51:06(184位),32:09:14(183位),34:57:20(173位),10:06.46
173,174,2256,田嶌　一徳,もくもくＴＲＣ,02:18:52(114位),03:48:00(179位),06:09:15(154位),09:06:49(180位),11:51:21(164位),18:56:44(163位),23:14:52(204位),25:51:37(214位),29:51:10(185位),32:09:08(182位),34:57:32(174位),10:06.51
174,175,2298,苗島　豊,スイカ部,02:35:11(351位),04:02:39(291位),06:26:50(225位),09:23:44(214位),12:19:08(207位),19:19:42(186位),23:17:19(206位),25:37:38(195位),29:42:15(173位),32:00:42(170位),34:58:30(175位),10:06.79
175,176,2154,合田　泰明,,02:31:26(293位),03:56:48(251位),06:35:51(267位),09:44:56(280位),12:30:31(238位),20:13:21(259位),23:29:32(227位),25:55:04(221位),29:57:09(195位),32:15:48(193位),35:04:04(176位),10:08.40
176,177,2166,小渕　直幸,佐鳴湖公園JC,02:23:30(181位),03:52:18(214位),06:27:46(230位),09:50:33(295位),12:56:22(290位),19:55:43(242位),23:36:57(233位),25:49:22(209位),30:05:44(214位),32:34:06(213位),35:04:05(177位),10:08.41
177,178,2072,大平　信裕,好走楽部米坂線肥薩線復旧推進委員会,02:31:24(292位),04:03:03(294位),06:31:40(250位),09:28:08(229位),12:21:22(215位),19:32:57(208位),23:24:01(221位),,29:51:25(187位),32:04:51(174位),35:05:30(178位),10:08.82
178,179,2418,宮森　春樹,,02:26:58(239位),03:49:37(191位),06:17:29(178位),09:00:12(160位),11:42:32(145位),18:00:57(111位),21:13:06(94位),23:45:30(94位),28:42:03(124位),31:43:05(149位),35:05:47(179位),10:08.90
179,180,2426,森末　茂男,,02:04:06(24位),03:31:57(64位),05:56:56(118位),08:57:42(151位),11:51:51(167位),18:16:24(124位),21:50:50(119位),24:29:39(132位),29:17:59(147位),31:55:39(165位),35:06:01(180位),10:08.97
180,181,2321,額田　聡子,,02:29:08(263位),03:59:03(263位),06:40:44(279位),09:45:26(281位),12:49:17(278位),19:36:12(215位),23:22:15(218位),25:51:09(213位),29:51:17(186位),32:07:57(179位),35:06:23(181位),10:09.07
181,182,2039,井上　友仁,,02:23:18(173位),03:55:11(235位),06:42:52(288位),09:24:47(217位),12:12:42(195位),20:01:14(247位),23:44:48(240位),26:05:19(228位),30:02:32(203位),32:31:29(212位),35:08:18(182位),10:09.63
182,183,2289,唐仁原　雅,マイチッチRC,02:16:44(81位),03:38:07(103位),05:53:27(97位),08:49:42(132位),11:38:51(139位),18:44:17(153位),22:26:00(153位),25:35:03(192位),29:55:30(192位),32:08:20(180位),35:09:59(183位),10:10.11
183,184,2288,唐仁原　直美,マイチッチRC,02:16:45(82位),03:38:07(104位),05:53:27(98位),08:49:38(131位),11:38:52(141位),18:44:17(154位),22:26:02(154位),25:35:06(193位),29:55:33(193位),32:06:51(177位),35:10:01(184位),10:10.12
184,185,2452,横田　裕之,,02:21:08(145位),03:40:27(120位),05:52:50(92位),08:36:46(104位),11:22:58(115位),18:03:47(116位),21:47:20(118位),24:29:38(131位),29:31:25(159位),31:54:37(163位),35:11:49(185位),10:10.64
185,186,2162,後藤　広幸,鬼子母神興業,02:17:14(84位),03:35:36(82位),05:51:20(88位),08:42:29(122位),11:18:57(112位),17:16:46(82位),20:28:13(71位),22:49:30(70位),28:00:17(100位),30:59:01(119位),35:12:18(186位),10:10.78
186,187,2264,田中　健吾,,02:34:12(330位),03:59:41(268位),06:37:06(271位),09:25:37(223位),12:24:33(225位),18:46:19(157位),22:31:20(157位),24:53:00(148位),29:39:24(171位),32:15:12(191位),35:12:55(187位),10:10.96
187,188,2458,若井　和則,ばうしょ,02:24:10(195位),03:49:27(188位),06:28:37(232位),09:24:46(216位),12:35:01(248位),19:17:20(183位),22:50:53(171位),25:18:55(171位),29:35:56(165位),32:02:59(172位),35:12:58(188位),10:10.97
188,189,2068,遠藤　美樹,,02:19:52(126位),03:37:48(101位),05:56:12(114位),08:37:59(110位),11:28:20(123位),18:26:15(136位),22:13:30(143位),25:09:46(156位),,32:13:46(189位),35:13:01(189位),10:10.99
189,190,2044,井元　工治,,02:19:16(120位),03:39:19(113位),06:03:11(133位),08:55:36(145位),11:45:13(152位),18:59:21(167位),22:38:43(162位),25:09:26(155位),30:00:59(200位),,35:13:04(190位),10:11.00
190,191,2238,高橋　哲,ippon blade stallion,02:35:52(360位),04:10:40(344位),06:52:01(337位),09:51:35(297位),12:41:16(267位),19:38:13(219位),23:20:15(214位),25:45:22(205位),30:05:30(212位),32:29:32(208位),35:13:12(191位),10:11.04
191,192,2262,田中　一正,千里ランランクラブ,02:30:57(285位),03:59:12(264位),06:44:23(295位),10:43:17(393位),13:18:43(332位),19:46:18(230位),23:07:41(195位),25:16:42(168位),29:28:58(158位),31:50:00(156位),35:14:39(192位),10:11.46
192,193,2122,河内　規称,バンバンクラブ,02:32:06(302位),04:05:53(319位),06:43:56(291位),09:57:05(304位),12:55:04(287位),19:39:31(220位),23:17:29(208位),25:48:36(207位),29:53:42(190位),32:14:53(190位),35:14:53(193位),10:11.53
193,194,2042,今井　守,UltraWalkers,02:43:53(409位),04:27:02(402位),07:15:03(400位),10:31:40(385位),13:42:30(365位),20:24:50(274位),23:54:47(258位),26:17:17(251位),30:07:49(217位),32:30:24(211位),35:15:26(194位),10:11.69
194,195,2029,石澤　健,,02:25:07(205位),03:52:19(215位),06:33:29(260位),09:33:59(246位),12:30:44(240位),18:55:53(162位),22:34:58(159位),25:12:52(161位),29:42:35(175位),32:12:33(187位),35:16:17(195位),10:11.93
195,196,2057,宇佐美　展子,,02:33:22(313位),04:08:54(331位),06:51:39(336位),10:01:22(323位),13:06:36(313位),19:49:50(234位),23:20:01(213位),25:51:03(212位),29:56:09(194位),32:17:16(194位),35:17:36(196位),10:12.32
196,197,2270,谷口　聡,,02:41:12(398位),04:13:40(363位),06:54:10(344位),09:46:09(282位),12:50:25(280位),19:40:40(222位),23:03:29(187位),25:27:04(183位),29:59:01(199位),32:12:50(188位),35:17:47(197位),10:12.37
197,198,2280,土屋　健一,,02:28:33(260位),03:55:46(243位),06:27:28(229位),10:00:52(321位),12:40:41(264位),20:39:04(284位),23:49:30(246位),26:12:58(242位),30:07:39(215位),32:34:54(215位),35:18:06(198位),10:12.46
198,199,2299,永井　孝幸,カナガワRC,02:17:20(89位),03:46:47(168位),06:19:42(191位),09:30:21(235位),12:45:28(272位),19:24:11(195位),23:59:28(261位),26:14:00(244位),30:08:41(220位),32:44:31(220位),35:20:42(199位),10:13.21
199,200,2388,益田　慎一郎,,02:31:29(294位),04:03:29(297位),06:52:46(339位),09:54:22(299位),12:57:39(297位),19:51:07(237位),23:17:20(207位),25:33:49(191位),29:47:17(181位),32:25:21(204位),35:23:37(200位),10:14.06
200,201,2234,高野　尚史,ＣＲ．ｍ,02:34:42(341位),04:06:45(323位),06:49:41(324位),09:57:53(307位),12:47:56(276位),19:13:32(179位),22:44:48(166位),25:38:20(199位),29:46:49(179位),32:19:07(196位),35:24:02(201位),10:14.18
201,202,2107,片岡　茂人,まるお製作所RCメタボの会,02:34:59(349位),04:07:10(325位),06:49:54(325位),09:58:06(309位),12:48:15(277位),19:13:37(180位),22:45:07(167位),25:38:42(200位),29:46:55(180位),32:19:20(197位),35:24:15(202位),10:14.24
202,203,2302,長川　茂,今日はここから,02:35:22(353位),04:17:26(385位),06:54:57(347位),09:56:13(301位),12:58:58(300位),20:25:34(275位),23:44:53(241位),25:56:46(223位),30:03:57(207位),32:26:30(205位),35:24:41(203位),10:14.37
203,204,2373,古屋　幸夫,,02:33:55(326位),04:10:13(339位),06:57:58(356位),10:16:49(357位),13:16:27(325位),20:06:22(254位),23:21:00(216位),25:38:14(198位),29:58:17(198位),32:24:34(203位),35:24:47(204位),10:14.39
204,205,2312,中村　記代子,市川マラソンクラブ,02:45:38(415位),04:26:56(401位),07:08:39(382位),10:19:52(367位),13:25:48(340位),20:31:46(279位),23:52:02(249位),26:08:13(234位),30:02:26(202位),32:27:15(206位),35:25:26(205位),10:14.58
205,206,2378,保立　友司,株式会社ビズバレー,02:40:47(395位),04:14:18(370位),07:10:47(393位),10:09:01(343位),13:00:16(304位),19:52:10(238位),23:26:12(222位),26:07:02(233位),30:04:53(211位),32:44:00(219位),35:25:31(206位),10:14.60
206,207,2014,阿部　博史,立川綜合病院,02:43:01(405位),04:17:43(386位),07:04:32(374位),10:25:36(373位),13:26:30(341位),20:22:46(272位),23:50:50(247位),26:17:51(252位),30:04:30(209位),32:19:45(200位),35:25:58(207位),10:14.74
207,208,2149,黒田　昌宏,,02:34:31(337位),04:16:57(382位),06:57:28(353位),09:57:27(305位),13:03:55(312位),20:03:51(252位),23:29:34(228位),26:05:27(229位),30:01:34(201位),32:19:36(199位),35:26:04(208位),10:14.77
208,209,2180,坂本　崇,スポジック,02:24:01(191位),03:47:37(173位),06:10:52(159位),08:51:18(133位),11:33:26(130位),17:56:51(110位),21:18:34(97位),23:58:58(105位),29:01:36(132位),31:51:36(157位),35:26:08(209位),10:14.78
209,210,2400,松本　栄一,今日はここから,02:32:25(305位),04:05:06(311位),06:45:40(300位),09:59:23(314位),12:56:54(293位),19:42:51(225位),23:11:21(198位),25:37:49(196位),29:51:29(188位),32:29:27(207位),35:27:43(210位),10:15.24
210,211,2356,廣畠　清美,ナイスおっさん,02:23:21(175位),03:43:02(137位),06:10:29(158位),09:10:43(186位),11:43:45(147位),18:40:35(150位),22:16:49(144位),24:53:08(149位),29:34:54(162位),32:15:12(192位),35:27:50(211位),10:15.27
211,212,2134,北向　秀行,,02:14:18(69位),03:35:13(79位),05:49:37(83位),08:30:25(89位),11:11:03(101位),18:06:15(117位),22:18:34(146位),24:45:58(143位),29:38:01(167位),32:22:36(202位),35:28:13(212位),10:15.38
212,213,2083,大原　貴浩,ジパング団,02:35:28(354位),04:17:52(388位),07:03:06(370位),10:18:50(366位),13:29:43(344位),20:16:21(263位),24:00:13(263位),26:15:47(248位),30:13:30(223位),32:34:27(214位),35:28:17(213位),10:15.41
213,214,2227,鈴木　裕子,さいたま走友会,02:26:42(233位),03:55:00(233位),06:42:02(285位),09:27:18(227位),12:29:51(236位),19:42:24(224位),23:23:27(220位),25:54:38(220位),30:15:40(225位),32:48:37(227位),35:30:59(214位),10:16.19
214,215,2174,齊藤　浩,,02:29:34(271位),04:02:21(288位),06:43:31(289位),09:36:43(253位),12:47:26(275位),20:02:21(248位),23:32:57(231位),25:52:31(217位),30:15:55(226位),32:49:02(228位),35:31:12(215位),10:16.25
215,216,2136,君島　真一,宇都宮トレラン愛好家の集い,02:16:27(80位),03:35:51(85位),05:57:11(119位),08:37:21(106位),11:23:23(116位),18:02:50(115位),21:44:32(115位),24:31:20(135位),29:31:57(160位),32:17:23(195位),35:33:09(216位),10:16.81
216,217,2064,榎本　勝則,浦安ランナーズ,02:36:59(368位),04:07:50(328位),06:46:45(311位),09:44:52(278位),12:42:48(269位),20:09:35(256位),24:02:19(265位),26:15:18(247位),30:07:45(216位),32:51:50(229位),35:33:50(217位),10:17.01
217,218,2116,上木屋　寛光,ａＲＣ,02:53:49(427位),04:31:12(411位),07:20:58(401位),10:36:26(389位),13:44:45(368位),20:12:29(258位),24:06:21(271位),26:22:07(255位),30:19:50(229位),32:40:51(217位),35:34:33(218位),10:17.22
218,219,2145,栗田　健輔,WindRun,02:31:44(299位),04:05:53(318位),06:55:26(348位),10:08:54(341位),13:30:09(345位),20:25:42(276位),23:48:59(245位),26:11:14(237位),30:17:03(227位),32:45:07(221位),35:34:33(219位),10:17.22
219,220,2125,川村　直子,ひな茶々,02:36:45(365位),04:09:12(335位),06:47:52(313位),09:59:29(316位),13:11:41(322位),20:46:53(290位),24:04:41(269位),26:14:12(246位),30:08:12(219位),32:41:15(218位),35:36:18(220位),10:17.72
220,221,2293,外崎　則夫,ゼロベースRC,02:23:30(180位),03:57:34(254位),06:28:21(231位),09:33:00(244位),12:26:11(229位),19:37:35(218位),23:16:22(205位),25:38:13(197位),29:54:27(191位),32:19:23(198位),35:36:57(221位),10:17.91
221,222,2318,西澤　泉,横浜緑走友会,02:25:58(219位),03:58:55(260位),06:26:09(222位),09:35:01(249位),12:45:36(273位),19:44:31(226位),23:10:18(197位),25:29:33(186位),30:02:45(205位),32:35:08(216位),35:37:16(222位),10:18.00
222,223,2441,山田　貴幸,きのこトレラン,02:34:36(338位),04:07:08(324位),06:58:21(358位),10:11:50(351位),,,23:52:14(251位),,30:20:29(230位),32:47:14(224位),35:37:36(223位),10:18.10
223,224,2010,浅野　大志,,02:25:16(207位),04:03:25(296位),06:44:36(296位),09:53:26(298位),13:10:59(321位),19:37:10(216位),23:30:33(230位),25:55:48(222位),30:09:34(221位),32:29:40(210位),35:39:01(224位),10:18.51
224,225,2194,佐藤　智典,どM倶楽部,02:17:15(86位),03:44:39(148位),06:12:19(165位),09:13:07(196位),12:12:57(196位),19:18:25(184位),23:27:06(224位),25:45:15(204位),30:05:37(213位),32:29:40(209位),35:43:03(225位),10:19.67
225,226,2333,羽田野　勇治,OBAKAセブンＴＰＲ（羽田バル）,02:25:34(214位),03:54:19(228位),06:37:57(273位),09:39:22(264位),12:46:08(274位),20:16:53(264位),23:43:57(239位),26:04:36(227位),30:02:42(204位),32:46:42(223位),35:45:02(226位),10:20.25
226,227,2368,藤原　剛,,02:17:27(90位),03:34:55(77位),06:14:41(172位),09:01:46(165位),12:11:34(190位),19:13:15(178位),23:09:51(196位),25:47:11(206位),30:08:02(218位),32:45:49(222位),35:46:21(227位),10:20.63
227,228,2135,木下　新作,,02:30:43(281位),04:03:37(298位),06:57:29(354位),10:17:00(358位),13:38:52(357位),20:49:58(294位),24:05:13(270位),26:16:53(250位),30:14:43(224位),32:48:05(226位),35:47:59(228位),10:21.10
228,229,2416,宮崎　裕子,モロヤマプロレス,02:37:37(371位),04:12:06(353位),06:54:53(345位),10:04:18(333位),13:03:14(310位),19:52:45(239位),23:48:08(244位),26:14:07(245位),30:18:11(228位),32:47:44(225位),35:52:04(229位),10:22.28
229,途中棄権,2020,飯塚　稔,,02:14:01(68位),03:31:08(60位),05:42:59(64位),08:16:23(66位),10:54:30(79位),17:05:51(76位),20:48:45(85位),23:15:15(85位),27:33:14(85位),30:36:36(108位),,09:30.66
230,途中棄権,2235,高野　弘之,,02:28:14(256位),03:49:30(189位),06:11:22(160位),09:06:39(179位),11:58:56(177位),18:07:48(119位),21:42:32(113位),24:23:15(122位),29:00:31(128位),,,09:36.01
231,途中棄権,2119,川上　和男,ＴＥＡＭ　Ｒ×Ｌ＋,02:29:51(275位),03:49:33(190位),06:29:17(236位),09:09:41(184位),11:51:44(166位),18:23:24(133位),22:24:55(151位),25:32:06(188位),29:50:44(183位),,,09:52.63
232,途中棄権,2074,大瀧　伸之,,02:25:58(220位),03:45:36(157位),06:08:10(152位),09:06:18(176位),12:20:08(211位),19:40:45(223位),23:30:15(229位),26:06:43(232位),30:10:12(222位),,,09:59.07
233,途中棄権,2466,渡部　弘之,ハセツネクラブ,02:13:33(66位),03:29:58(54位),05:40:39(57位),08:13:33(63位),10:35:15(55位),15:45:39(35位),18:45:44(32位),20:57:02(33位),,,,07:53.16
234,途中棄権,2245,滝沢　賢一,,02:12:34(60位),03:29:30(52位),05:40:42(58位),08:19:56(70位),10:40:31(60位),16:31:00(57位),19:32:17(49位),21:37:55(45位),,,,08:08.55
235,途中棄権,2003,青木　敬隆,凹田ガス,02:07:31(35位),03:21:53(34位),05:19:57(30位),07:40:16(26位),09:56:01(25位),16:16:41(48位),19:53:58(60位),22:20:33(59位),,,,08:24.60
236,途中棄権,2362,福山　太郎,,02:21:35(152位),03:36:51(91位),05:54:03(101位),08:45:59(127位),11:24:27(118位),17:52:27(105位),21:32:13(102位),23:59:34(107位),,,,09:01.87
237,途中棄権,2225,鈴木　久,今日はここから,02:23:56(190位),03:47:36(172位),06:12:07(163位),09:00:00(158位),11:37:32(135位),18:25:07(135位),21:47:17(117位),24:12:02(112位),,,,09:06.56
238,途中棄権,2351,一杉　岳春,PEACE,02:20:51(139位),03:42:26(132位),05:47:13(76位),08:24:20(82位),11:00:09(81位),17:25:03(88位),21:22:38(98位),24:24:47(123位),,,,09:11.36
239,途中棄権,2415,宮崎　靖大,,02:23:51(188位),03:45:31(156位),06:09:02(153位),09:04:54(170位),11:51:59(168位),18:18:06(126位),21:53:05(121位),24:39:16(139位),,,,09:16.81
240,途中棄権,2236,高橋　宗志,,02:34:12(331位),04:09:00(333位),06:45:43(304位),09:40:49(270位),12:22:15(216位),18:45:43(156位),22:20:55(148位),24:42:06(140位),,,,09:17.88
241,途中棄権,2242,高松　徹,,02:11:18(50位),03:29:16(51位),05:53:05(94位),08:54:56(142位),11:44:50(150位),18:33:48(142位),22:17:41(145位),24:54:40(150位),,,,09:22.61
242,途中棄権,2100,小沼　裕美,日立土浦,02:39:20(387位),04:16:55(381位),06:50:31(330位),10:01:35(324位),13:16:07(324位),19:50:53(236位),23:22:06(217位),25:39:19(201位),,,,09:39.42
243,途中棄権,2108,片山　直幸,,02:27:43(248位),03:47:41(176位),06:00:53(126位),08:54:57(143位),12:00:16(179位),19:16:10(182位),23:05:10(189位),25:41:12(202位),,,,09:40.12
244,途中棄権,2215,白井　英統,,02:23:27(178位),03:48:55(184位),06:22:05(203位),09:27:30(228位),12:23:06(218位),19:23:33(192位),23:13:53(202位),25:41:33(203位),,,,09:40.26
245,途中棄権,2291,戸田　武芳,,02:35:17(352位),04:02:32(290位),06:33:15(257位),09:26:35(226位),12:24:13(223位),19:24:53(197位),23:12:09(200位),25:49:01(208位),,,,09:43.07
246,途中棄権,2123,川野　和宏,,02:20:03(129位),03:52:27(216位),06:41:54(284位),09:57:58(308位),12:55:54(289位),19:54:42(240位),23:06:22(192位),25:51:42(215位),,,,09:44.07
247,途中棄権,2129,菊地　隆広,,02:35:35(355位),04:05:52(317位),06:48:18(316位),09:56:49(303位),13:02:02(308位),19:28:55(201位),23:07:22(193位),25:53:09(218位),,,,09:44.62
248,途中棄権,2013,阿部　典子,,02:28:21(257位),03:58:29(259位),06:31:31(249位),09:23:29(212位),12:18:39(205位),20:03:13(250位),23:43:38(237位),25:57:30(224位),,,,09:46.26
249,途中棄権,2009,浅野　定逸,チームすー。,02:24:05(192位),03:49:40(194位),06:45:42(302位),09:40:25(267位),12:39:20(260位),19:45:25(228位),23:20:43(215位),25:59:53(225位),,,,09:47.15
250,途中棄権,2143,倉阪　秀史,伊賀忍者ＲＣ,02:34:45(343位),04:19:33(393位),07:04:23(373位),10:07:12(337位),13:20:55(334位),20:12:15(257位),23:43:48(238位),26:05:32(230位),,,,09:49.28
251,途中棄権,2436,山口　真一郎,,02:38:09(375位),04:09:07(334位),06:51:20(334位),10:18:07(364位),13:35:49(352位),20:50:30(296位),23:52:12(250位),26:05:52(231位),,,,09:49.41
252,途中棄権,2011,浅輪　義博,あさわじゃぱん,02:23:25(177位),03:45:51(158位),06:33:02(254位),09:33:38(245位),12:21:00(214位),20:01:08(246位),23:53:01(253位),26:09:39(235位),,,,09:50.83
253,途中棄権,2272,田村　泉,,02:35:59(362位),04:12:23(356位),06:53:43(342位),10:10:04(345位),13:37:38(356位),20:19:08(265位),23:52:59(252位),26:11:51(239位),,,,09:51.66
254,途中棄権,2004,赤羽　利文,,02:29:40(274位),04:02:14(284位),06:29:28(238位),09:25:20(221位),12:20:18(212位),19:40:11(221位),23:38:10(235位),26:11:55(240位),,,,09:51.68
255,途中棄権,2091,小川　哲司,今日はここから,02:24:55(203位),03:51:27(209位),06:18:22(182位),09:31:10(239位),12:58:06(298位),20:02:32(249位),23:42:08(236位),26:13:35(243位),,,,09:52.32
256,途中棄権,2216,白石　やよい,,02:35:55(361位),04:14:14(369位),06:53:49(343位),10:10:45(346位),13:43:21(367位),20:39:12(285位),23:53:24(255位),26:16:53(249位),,,,09:53.55
257,途中棄権,2386,馬越　正明,今日はここから,02:32:34(307位),04:05:15(314位),06:45:45(305位),09:59:43(318位),13:01:46(306位),20:43:15(288位),23:57:18(259位),26:19:34(253位),,,,09:54.56
258,途中棄権,2023,池尻　彰,フル百回楽走会,02:25:43(216位),03:54:05(224位),06:29:14(235位),09:29:35(231位),12:56:30(291位),20:24:07(273位),23:57:29(260位),26:20:13(254位),,,,09:54.81
259,途中棄権,2063,榎田　徹也,リスペクト,02:25:25(211位),03:50:25(201位),06:24:55(217位),09:31:11(240位),12:35:54(253位),19:44:55(227位),23:44:56(242位),26:23:58(256位),,,,09:56.22
260,途中棄権,2187,櫻木　昭宏,かごんまランチル会,02:25:17(208位),03:51:19(207位),06:18:34(185位),09:11:45(190位),11:55:11(172位),17:55:44(109位),21:33:10(104位),,,,,08:49.62
261,途中棄権,2081,大橋　寛憲,かねこクリニック,02:20:03(128位),03:42:14(129位),05:57:30(120位),08:38:23(113位),11:11:53(102位),17:23:58(87位),21:41:27(111位),,,,,08:53.02
262,途中棄権,2167,小松　敏之,江戸一ランナーズクラブ,02:33:34(319位),04:05:05(309位),06:45:37(299位),09:59:13(313位),12:57:00(294位),19:55:14(241位),23:26:27(223位),,,,,09:36.02
263,途中棄権,2192,佐藤　敬三,日本アイソトープ協会,02:24:10(196位),03:51:28(210位),06:26:37(223位),09:50:46(296位),12:57:00(295位),19:55:50(243位),23:37:14(234位),,,,,09:40.43
264,途中棄権,2002,青木　秀子,あおひで危機一発,02:38:22(377位),04:16:15(377位),07:01:31(366位),09:59:40(317位),12:49:58(279位),20:05:19(253位),23:47:58(243位),,,,,09:44.83
265,途中棄権,2384,前川　玲香,,02:35:49(359位),04:24:01(398位),07:10:55(394位),10:31:00(383位),13:52:45(379位),20:50:18(295位),23:53:02(254位),,,,,09:46.91
266,途中棄権,2329,橋本　憲,ランジョグ,02:20:58(142位),03:49:38(193位),06:20:28(195位),09:26:28(224位),12:13:14(197位),19:34:38(210位),23:54:23(257位),,,,,09:47.46
267,途中棄権,2024,池田　希歩,ランジョグ 中部,02:24:19(198位),03:50:35(203位),06:27:22(228位),09:35:35(252位),12:52:08(282位),20:00:18(245位),23:59:49(262位),,,,,09:49.68
268,途中棄権,2086,岡田　明子,,02:43:26(408位),04:20:03(394位),07:08:20(381位),10:26:50(378位),13:42:21(364位),20:36:38(283位),24:01:47(264位),,,,,09:50.49
269,途中棄権,2197,佐藤　幸久,年中短パン部,02:26:14(224位),04:01:38(281位),06:51:16(332位),10:07:30(338位),13:09:16(317位),20:20:12(266位),24:04:02(266位),,,,,09:51.41
270,途中棄権,2376,細田　晴美,年中短パン部,02:26:23(227位),04:02:14(285位),06:51:18(333位),10:07:31(339位),13:09:22(318位),20:22:40(271位),24:04:10(267位),,,,,09:51.47
271,途中棄権,2095,奥川　考透,年中短パン部,02:32:45(308位),03:57:47(256位),06:33:22(259位),09:46:24(283位),12:39:53(262位),20:20:37(267位),24:04:23(268位),,,,,09:51.55
272,途中棄権,2275,垂水　かおり,朝霞JC,02:24:09(194位),04:05:09(313位),07:03:53(371位),10:15:44(353位),13:34:37(350位),20:47:48(291位),24:10:36(273位),,,,,09:54.10
273,途中棄権,2110,加藤　もと子,二子玉川走友会,02:22:46(163位),03:45:02(153位),06:04:22(139位),08:53:11(141位),11:41:32(144位),19:45:26(229位),24:11:32(274位),,,,,09:54.48
274,途中棄権,2126,川村　佳郎,からだにぴーす,02:42:42(401位),04:29:20(404位),07:22:48(404位),10:41:05(391位),13:53:14(381位),21:30:30(307位),24:21:23(275位),,,,,09:58.52
275,途中棄権,2036,井出　富雄,Team FunTrails,01:49:59(2位),02:52:48(1位),04:33:58(2位),06:32:07(2位),08:23:02(2位),12:55:49(2位),,,,,,06:01.97
276,途中棄権,2322,野口　聡,rbrgtrc,01:57:22(11位),03:08:24(12位),05:04:20(16位),07:24:12(15位),09:43:12(17位),14:55:12(21位),,,,,,06:57.67
277,途中棄権,2273,田村　展也,吉永小百合,02:02:58(17位),03:14:04(20位),05:16:10(26位),07:42:57(28位),09:56:48(27位),15:05:45(25位),,,,,,07:02.59
278,途中棄権,2360,福井　雄二郎,,02:17:45(96位),03:37:11(95位),05:47:08(75位),08:12:49(62位),10:33:14(53位),16:11:20(45位),,,,,,07:33.19
279,途中棄権,2114,金原　佳代子,Ｒ−ＧＵＮ,02:17:44(95位),03:37:10(94位),05:47:08(74位),08:12:44(61位),10:33:20(54位),16:11:25(46位),,,,,,07:33.23
280,途中棄権,2422,村岡　大輔,Audax Japan,02:20:57(141位),03:42:54(136位),05:49:00(81位),08:26:12(84位),11:03:37(86位),17:43:09(98位),,,,,,08:16.02
281,途中棄権,2184,桜井　健司,オレンジスマイルいちかわ,02:23:53(189位),03:44:54(150位),06:13:55(168位),08:51:55(136位),11:27:15(120位),17:50:02(104位),,,,,,08:19.24
282,途中棄権,2031,石田　学,,02:14:38(71位),03:35:48(83位),05:58:01(121位),08:52:56(139位),11:33:20(129位),18:58:35(166位),,,,,,08:51.22
283,途中棄権,2409,水野　真弓,,02:33:39(320位),04:07:34(326位),06:48:41(319位),09:37:56(260位),12:22:52(217位),19:07:26(173位),,,,,,08:55.35
284,途中棄権,2346,原田　融,,02:20:56(140位),03:39:41(116位),06:08:06(151位),08:49:18(130位),11:34:06(133位),19:11:20(175位),,,,,,08:57.17
285,途中棄権,2146,栗原　宏夫,,02:22:14(157位),03:47:40(174位),06:03:36(136位),08:46:27(129位),11:24:22(117位),19:29:50(202位),,,,,,09:05.80
286,途中棄権,2349,引地　正伸,いわきトライトレイル,02:26:24(228位),03:50:11(199位),06:33:13(255位),09:41:07(271位),12:35:19(249位),19:35:01(211位),,,,,,09:08.21
287,途中棄権,2105,掛田　成実,いわきトライトレイル,02:26:29(229位),03:50:14(200位),06:33:17(258位),09:41:12(272位),12:35:26(251位),19:35:23(214位),,,,,,09:08.39
288,途中棄権,2361,福澤　直樹,nao山に行く,02:39:16(385位),04:11:26(349位),06:36:50(269位),09:31:22(242位),12:38:27(258位),20:13:29(260位),,,,,,09:26.17
289,途中棄権,2151,慶野　泰志,佐野狂人会,02:11:36(52位),03:28:35(49位),05:44:37(68位),08:36:04(101位),11:44:39(149位),20:15:00(261位),,,,,,09:26.87
290,途中棄権,2012,朝生　文子,,02:23:32(183位),03:46:36(166位),06:30:05(242位),09:30:35(237位),12:19:32(208位),20:21:33(269位),,,,,,09:29.93
291,途中棄権,2247,田口　健治,のんでRC,02:23:32(182位),03:46:39(167位),06:30:05(241位),09:30:35(238位),12:19:32(209位),20:21:40(270位),,,,,,09:29.99
292,途中棄権,2320,韮澤　純二,,02:19:20(121位),03:45:59(160位),06:09:59(156位),09:12:18(192位),12:26:21(232位),20:30:45(277位),,,,,,09:34.22
293,途中棄権,2402,丸山　成人,SYD@pinaru3,02:27:33(246位),04:00:33(272位),06:43:54(290位),09:57:51(306位),12:52:22(283位),20:34:03(280位),,,,,,09:35.76
294,途中棄権,2332,長谷川　志乃,,02:18:59(116位),03:45:15(154位),06:26:51(226位),09:21:58(208位),12:15:12(201位),20:35:53(282位),,,,,,09:36.62
295,途中棄権,2106,数澤　真也,TW,02:23:42(185位),03:52:08(213位),06:37:19(272位),09:55:15(300位),13:01:59(307位),20:40:38(286位),,,,,,09:38.83
296,途中棄権,2016,新井　敏之,,02:33:31(317位),04:03:25(295位),06:46:19(309位),09:58:35(312位),13:08:10(315位),20:40:41(287位),,,,,,09:38.85
297,途中棄権,2026,石井　浩史,,02:26:35(231位),03:49:47(196位),06:29:46(239位),09:44:55(279位),12:58:18(299位),20:46:14(289位),,,,,,09:41.45
298,途中棄権,2050,岩田　慎一,,02:37:26(369位),04:11:39(351位),06:58:24(359位),10:24:52(370位),13:36:44(354位),20:48:30(293位),,,,,,09:42.50
299,途中棄権,2433,簗瀬　渉,Mash-R,02:34:24(336位),04:14:19(371位),07:10:16(392位),10:26:29(377位),13:48:16(374位),20:59:23(297位),,,,,,09:47.58
300,途中棄権,2381,堀内　まゆ,,02:37:42(372位),04:14:27(372位),07:06:01(377位),10:26:28(376位),13:45:04(369位),20:59:33(298位),,,,,,09:47.66
301,途中棄権,2193,佐藤　利夫,,02:29:40(273位),04:19:28(392位),07:10:14(391位),10:26:18(375位),13:41:43(363位),21:00:01(299位),,,,,,09:47.87
302,途中棄権,2427,八重倉　慶子,鎌倉二の鳥居,02:28:00(253位),04:02:01(283位),06:47:46(312位),09:48:12(289位),13:10:51(320位),21:10:05(300位),,,,,,09:52.57
303,途中棄権,2085,大森　真美,,02:39:33(390位),04:17:23(384位),06:55:56(349位),10:08:32(340位),13:48:39(376位),21:10:14(301位),,,,,,09:52.64
304,途中棄権,2352,平井　秋敬,気温観測隊,02:42:45(402位),04:17:10(383位),06:46:13(308位),10:03:03(327位),13:10:39(319位),21:10:32(302位),,,,,,09:52.78
305,途中棄権,2022,池澤　亮,,02:45:39(416位),04:19:27(391位),07:12:12(397位),10:30:46(380位),13:53:00(380位),21:14:04(303位),,,,,,09:54.43
306,途中棄権,2229,成津　杏美,,02:46:15(418位),04:38:11(417位),07:25:20(406位),10:52:07(404位),14:02:57(385位),21:15:44(304位),,,,,,09:55.21
307,途中棄権,2393,松下　純子,D.R.A.C.,02:33:28(316位),04:12:57(358位),07:09:05(385位),10:17:38(363位),13:40:02(360位),21:18:06(305位),,,,,,09:56.31
308,途中棄権,2432,柳澤　道生,,02:31:57(300位),04:05:40(316位),06:56:48(350位),10:08:58(342位),13:36:45(355位),21:24:33(306位),,,,,,09:59.32
309,途中棄権,2080,大橋　清文,ぬらりひょん,02:18:46(111位),03:49:12(186位),06:39:11(277位),10:04:17(332位),13:23:16(337位),21:30:59(308位),,,,,,10:02.32
310,途中棄権,2054,上田　和之,,02:19:12(118位),03:42:06(128位),06:06:22(145位),09:01:39(164位),11:46:45(157位),21:32:20(309位),,,,,,10:02.95
311,途中棄権,2212,主濱　翔太,いわてゆる？ラン,02:06:29(33位),03:20:10(32位),05:40:10(56位),08:38:17(111位),11:56:19(174位),21:36:43(310位),,,,,,10:05.00
312,途中棄権,2347,原谷　京子,絆RC,02:39:16(386位),04:13:51(365位),07:05:29(376位),10:29:31(379位),13:46:48(372位),21:45:26(311位),,,,,,10:09.07
313,途中棄権,2467,渡辺正道,,,(1位),,(1位),(1位),,,,,,,
314,途中棄権,2257,田治米　伸康,Ａｓｔｒｏｒｕｎｎｅｒｓ,02:03:53(22位),03:11:17(15位),05:03:02(15位),07:22:49(14位),09:30:28(13位),,,,,,,06:13.26
315,途中棄権,2061,漆原　映彦,,02:08:43(39位),03:17:41(27位),05:13:02(24位),07:29:55(17位),09:53:22(23位),,,,,,,06:28.24
316,途中棄権,2394,松島　譲,,02:05:02(29位),03:16:27(24位),05:19:48(29位),07:42:55(27位),10:03:18(32位),,,,,,,06:34.75
317,途中棄権,2093,小河原　成哲,ランボーズ,01:55:59(10位),03:02:16(6位),05:09:14(19位),07:48:24(35位),10:03:42(33位),,,,,,,06:35.00
318,途中棄権,2035,市村　耕太郎,浦安ランナーズ,02:11:10(48位),03:24:58(40位),05:27:00(38位),07:52:41(39位),10:15:15(41位),,,,,,,06:42.56
319,途中棄権,2255,竹中　祐三,Ｇコ山ＴＲＣ,02:09:56(43位),03:27:24(47位),05:43:21(65位),08:19:40(69位),10:47:18(67位),,,,,,,07:03.53
320,途中棄権,2267,田中　利一,右田病院駅伝部,02:20:38(136位),03:36:02(86位),05:45:46(71位),08:16:22(65位),10:47:31(68位),,,,,,,07:03.68
321,途中棄権,2411,三塚　崇,,02:17:37(93位),03:32:40(68位),05:41:34(59位),08:16:10(64位),10:48:09(70位),,,,,,,07:04.09
322,途中棄権,2070,大内　道晶,,02:04:41(28位),03:18:31(29位),05:24:34(35位),08:03:35(49位),10:49:48(71位),,,,,,,07:05.17
323,途中棄権,2331,長谷川　康一,ジョギング同好会相模原,02:18:16(100位),03:37:48(100位),05:49:08(82位),08:22:17(75位),10:49:49(72位),,,,,,,07:05.18
324,途中棄権,2049,岩瀬　光正,ARC,02:07:32(36位),03:16:55(25位),05:12:45(23位),07:49:08(36位),10:51:13(75位),,,,,,,07:06.10
325,途中棄権,2428,八木　佳夫,とらいろばいつ,02:23:00(169位),03:43:19(140位),06:07:11(149位),08:39:54(116位),11:11:01(100位),,,,,,,07:19.05
326,途中棄権,2243,高村　俊介,べるっぽくらぶ,02:18:17(101位),03:38:56(110位),06:05:22(143位),08:35:06(97位),11:12:50(104位),,,,,,,07:20.24
327,途中棄権,2198,佐藤　裕美,ＡＭＡＣ,02:12:42(63位),03:30:32(56位),05:54:29(103位),08:42:14(121位),11:28:00(121位),,,,,,,07:30.16
328,途中棄権,2348,馬場　康弘,,02:19:45(125位),03:44:17(146位),06:04:32(140位),08:39:38(115位),11:28:19(122位),,,,,,,07:30.37
329,途中棄権,2157,小嶋　一樹,,02:10:01(45位),03:42:18(131位),06:03:26(134位),08:56:58(148位),11:31:03(125位),,,,,,,07:32.16
330,途中棄権,2297,内藤　映里子,,02:12:18(56位),03:31:39(62位),05:53:35(100位),08:46:20(128位),11:33:46(131位),,,,,,,07:33.93
331,途中棄権,2261,立石　直,水曜ぶどう坂練/アメ車組,02:27:26(244位),03:59:43(269位),06:20:00(192位),08:55:09(144位),11:36:54(134位),,,,,,,07:35.99
332,途中棄権,2109,加藤　憲一,カトウケンイチ,02:21:50(153位),03:46:18(164位),06:05:36(144位),08:57:19(149位),11:38:50(138位),,,,,,,07:37.25
333,途中棄権,2018,有村　剛志,ちゃんぷ練TRC,02:11:23(51位),03:30:54(58位),05:58:15(122位),08:51:46(135位),11:42:33(146位),,,,,,,07:39.68
334,途中棄権,2303,中口　淳,無限会社ZERO,02:31:39(297位),03:55:16(237位),06:18:19(181位),08:59:31(154位),11:46:15(155位),,,,,,,07:42.11
335,途中棄権,2205,芝山　拓也,牛久走友会,02:19:14(119位),03:39:09(111位),05:56:55(117位),08:42:30(123位),11:49:29(162位),,,,,,,07:44.22
336,途中棄権,2048,岩崎　真吾,,02:22:57(168位),03:42:37(134位),06:07:42(150位),08:59:32(155位),11:51:33(165位),,,,,,,07:45.57
337,途中棄権,2353,平井　るみ,産経ランナーズ,02:20:33(134位),03:49:37(192位),06:21:45(202位),09:17:11(205位),11:55:03(171位),,,,,,,07:47.86
338,途中棄権,2069,大内　健,,02:26:41(232位),03:49:51(197位),06:14:15(170位),09:05:27(173位),12:01:44(180位),,,,,,,07:52.24
339,途中棄権,2389,増田　優貴,,02:15:29(73位),03:38:26(107位),06:07:02(148位),09:07:40(182位),12:12:07(191位),,,,,,,07:59.02
340,途中棄権,2438,山口　裕之,ジャーニーラン研究会見習い,02:26:58(238位),03:57:41(255位),06:30:15(244位),09:37:04(254位),12:24:25(224位),,,,,,,08:07.08
341,途中棄権,2118,上山　等,オリラン,02:24:07(193位),04:02:20(287位),06:50:45(331位),09:39:14(263位),12:24:43(226位),,,,,,,08:07.27
342,途中棄権,2173,斎藤　秀樹,,02:24:23(199位),03:53:36(222位),06:49:57(327位),09:31:23(243位),12:26:17(230位),,,,,,,08:08.30
343,途中棄権,2199,設楽　篤史,アシスト走行会,02:38:12(376位),04:04:49(307位),06:27:11(227位),09:20:50(207位),12:28:41(234位),,,,,,,08:09.87
344,途中棄権,2228,須藤　裕実,Team 39raba,02:38:03(374位),04:10:07(338位),06:36:57(270位),09:29:36(232位),12:30:37(239位),,,,,,,08:11.13
345,途中棄権,2406,水落　幸夫,,02:34:13(332位),04:04:16(303位),06:32:43(253位),09:29:07(230位),12:31:05(241位),,,,,,,08:11.44
346,途中棄権,2463,渡辺　剛玄,,02:29:24(266位),03:59:23(265位),06:24:51(216位),09:24:52(218位),12:31:32(242位),,,,,,,08:11.74
347,途中棄権,2164,児林　昇,ちゃんぷ。錬,02:32:08(303位),04:09:16(336位),06:49:13(321位),09:49:28(292位),12:33:42(247位),,,,,,,08:13.15
348,途中棄権,2315,新妻　慎也,いわきトライトレイル,02:24:44(201位),03:44:57(152位),06:33:34(261位),09:41:29(274位),12:35:41(252位),,,,,,,08:14.45
349,途中棄権,2300,永石　昇,ナイスおっさん,02:28:08(255位),03:59:39(266位),06:41:25(281位),09:25:16(220位),12:36:13(255位),,,,,,,08:14.80
350,途中棄権,2071,太田　哲也,チーム凰,02:17:42(94位),03:41:38(127位),06:21:03(200位),09:35:05(250位),12:39:01(259位),,,,,,,08:16.64
351,途中棄権,2398,松村　郁男,,02:33:58(328位),04:01:11(279位),06:25:12(218位),09:12:06(191位),12:39:41(261位),,,,,,,08:17.07
352,途中棄権,2304,長澤　和樹,,02:35:35(357位),04:04:36(305位),06:44:08(294位),09:42:19(275位),12:40:12(263位),,,,,,,08:17.40
353,途中棄権,2128,菊池　純平,庄和すずらん幼稚園,02:27:35(247位),03:56:44(250位),06:34:45(265位),09:47:49(287位),12:44:35(270位),,,,,,,08:20.27
354,途中棄権,2183,左川　倫乙,,02:31:21(290位),04:00:44(273位),06:30:17(245位),09:38:06(261位),12:51:50(281位),,,,,,,08:25.02
355,途中棄権,2252,竹川　清香,,02:31:22(291位),04:00:55(276位),06:31:41(251位),09:38:31(262位),12:52:26(284位),,,,,,,08:25.41
356,途中棄権,2037,出沼　慶勝,あるけみー,02:22:41(160位),03:48:45(182位),06:19:17(188位),09:25:00(219位),12:54:47(286位),,,,,,,08:26.94
357,途中棄権,2354,平田　大二,チキンハート,02:18:52(113位),03:56:04(245位),06:49:03(320位),09:48:10(288位),12:56:30(292位),,,,,,,08:28.07
358,途中棄権,2292,外岡　昇子,,02:36:46(366位),04:08:47(330位),06:47:56(314位),09:59:25(315位),13:03:47(311位),,,,,,,08:32.84
359,途中棄権,2186,桜井　憲仁,,02:29:27(268位),04:04:03(300位),06:42:21(287位),09:56:38(302位),13:07:42(314位),,,,,,,08:35.40
360,途中棄権,2439,山崎　勝,根本第八町会,02:32:50(309位),04:16:51(380位),07:12:12(396位),10:17:25(362位),13:17:01(326位),,,,,,,08:41.49
361,途中棄権,2461,和田　達也,,02:33:52(325位),04:01:18(280位),06:45:57(306位),10:02:24(325位),13:17:24(327位),,,,,,,08:41.74
362,途中棄権,2450,山森　智治,,02:22:27(158位),03:56:11(247位),06:52:28(338位),10:11:18(349位),13:17:34(328位),,,,,,,08:41.86
363,途中棄権,2202,篠山　慎二,,02:39:27(389位),04:10:16(340位),06:50:00(328位),09:58:33(311位),13:17:45(329位),,,,,,,08:41.97
364,途中棄権,2201,篠山　和子,,02:39:33(391位),04:10:19(341位),06:49:55(326位),09:58:26(310位),13:18:03(330位),,,,,,,08:42.17
365,途中棄権,2277,塚越　竜也,チームDAIKI,02:29:52(276位),04:06:06(320位),06:48:36(318位),10:09:29(344位),13:20:15(333位),,,,,,,08:43.61
366,途中棄権,2006,安喜　健太郎,ダメ人間予備軍,02:38:31(380位),04:13:24(361位),06:58:07(357位),10:03:46(330位),13:22:05(335位),,,,,,,08:44.81
367,途中棄権,2311,中村　明功,★あきのぽん★,02:30:00(277位),04:04:53(308位),07:04:20(372位),10:05:19(335位),13:22:12(336位),,,,,,,08:44.89
368,途中棄権,2358,深谷　明,高浜走友会,02:23:16(172位),03:50:58(206位),06:35:35(266位),10:11:20(350位),13:24:38(339位),,,,,,,08:46.47
369,途中棄権,2089,岡本　壮一郎,すまいるらんなーず,02:23:28(179位),04:00:56(277位),06:57:14(351位),10:22:54(369位),13:27:11(342位),,,,,,,08:48.14
370,途中棄権,2102,小野　信弘,チーム★小太郎,02:36:56(367位),04:15:42(376位),07:01:04(365位),10:15:59(355位),13:28:43(343位),,,,,,,08:49.15
371,途中棄権,2084,大森　整,,02:39:21(388位),04:14:49(373位),06:59:36(362位),10:13:56(352位),13:30:15(346位),,,,,,,08:50.15
372,途中棄権,2096,奥村　幸治,,02:33:52(324位),04:01:04(278位),06:48:01(315位),10:17:08(360位),13:32:58(347位),,,,,,,08:51.93
373,途中棄権,2038,稲吉　千春,チームOSJトレイルランニング,02:31:40(298位),04:11:17(348位),07:08:45(383位),10:30:46(381位),13:33:18(348位),,,,,,,08:52.15
374,途中棄権,2171,近藤　博史,KONCHAN,02:40:23(393位),04:16:39(379位),07:08:12(380位),10:21:56(368位),13:33:56(349位),,,,,,,08:52.57
375,途中棄権,2345,原田　匠,,02:34:46(344位),04:08:58(332位),06:59:53(363位),10:17:07(359位),13:35:30(351位),,,,,,,08:53.58
376,途中棄権,2021,飯山　美由紀,GREENS／NPO法人彩の国ウルトラプロジェクト,02:27:32(245位),03:58:27(258位),06:41:05(280位),10:02:41(326位),13:36:34(353位),,,,,,,08:54.29
377,途中棄権,2286,傳田　尚徳,ＹＵＨＩＤＯ,02:30:46(283位),04:03:43(299位),06:57:21(352位),10:17:23(361位),13:39:00(358位),,,,,,,08:55.88
378,途中棄権,2131,北島　一広,,02:38:26(378位),04:12:07(354位),06:57:47(355位),10:16:31(356位),13:39:32(359位),,,,,,,08:56.23
379,途中棄権,2258,田代　智也,,02:18:25(105位),03:43:23(141位),06:20:08(194位),09:50:03(294位),13:40:50(361位),,,,,,,08:57.08
380,途中棄権,2372,布山　伸江,トラベルＤＢ,02:34:12(329位),04:12:11(355位),06:54:57(346位),10:04:52(334位),13:41:40(362位),,,,,,,08:57.63
381,途中棄権,2278,塚原　和弘,,02:25:39(215位),04:02:50(292位),06:59:18(361位),10:18:24(365位),13:42:44(366位),,,,,,,08:58.32
382,途中棄権,2454,吉川　宏司,高浜走友会,02:34:41(340位),04:09:40(337位),07:13:31(399位),10:35:23(388位),13:48:07(373位),,,,,,,09:01.85
383,途中棄権,2282,寺口　尚志,,02:40:17(392位),04:22:16(397位),07:08:53(384位),10:31:20(384位),13:48:19(375位),,,,,,,09:01.97
384,途中棄権,2104,角田　邦彦,,02:26:22(226位),04:02:22(289位),07:02:42(369位),10:25:22(371位),13:48:53(377位),,,,,,,09:02.34
385,途中棄権,2337,馬場　満,,02:30:08(278位),04:11:27(350位),07:10:05(390位),10:26:11(374位),13:51:50(378位),,,,,,,09:04.28
386,途中棄権,2140,久保田　敦子,からだにぴーす,02:42:59(404位),04:29:36(405位),07:22:58(405位),10:41:23(392位),13:53:23(382位),,,,,,,09:05.29
387,途中棄権,2417,宮寺　真美,,02:29:16(265位),04:04:05(301位),06:49:14(322位),10:39:05(390位),13:59:51(383位),,,,,,,09:09.52
388,途中棄権,2442,山田　剛久,うさぎ組,02:34:43(342位),04:18:47(389位),07:05:14(375位),10:33:05(387位),14:00:20(384位),,,,,,,09:09.84
389,途中棄権,2317,西城戸　智,TU39,02:34:19(334位),04:21:22(396位),07:26:12(407位),10:46:27(395位),14:03:12(386位),,,,,,,09:11.71
390,途中棄権,2223,鈴木　聡,,02:38:38(381位),04:30:51(410位),07:28:54(409位),10:46:52(398位),14:04:28(387位),,,,,,,09:12.54
391,途中棄権,2465,渡辺　直喜,ヤングピーナッツスポーツ,02:26:34(230位),03:54:39(231位),06:44:06(293位),10:25:24(372位),14:08:38(388位),,,,,,,09:15.27
392,途中棄権,2217,白土　貴啓,MPSJ,02:43:55(410位),04:27:35(403位),07:36:37(415位),10:52:51(405位),14:13:14(389位),,,,,,,09:18.28
393,途中棄権,2055,浮須　健司,CR.m,02:47:35(420位),04:29:48(406位),07:30:10(411位),11:06:48(408位),14:17:03(390位),,,,,,,09:20.77
394,途中棄権,2103,鏡畑　良弘,湘南ゆるゆる／バンバンクラブ,02:52:41(425位),04:39:46(418位),07:40:45(416位),10:59:27(406位),14:27:58(391位),,,,,,,09:27.92
395,途中棄権,2148,栗山　勇樹,平岸脳神経クリニック,02:38:31(379位),04:11:44(352位),07:02:12(368位),10:33:00(386位),14:30:11(392位),,,,,,,09:29.37
396,途中棄権,2335,服部　雅博,東京メールサービス,02:46:20(419位),04:26:55(400位),07:29:36(410位),11:10:19(409位),14:32:49(393位),,,,,,,09:31.09
397,途中棄権,2090,岡本　敏明,宇都宮トレラン愛好家の集い,01:52:52(4位),02:59:09(4位),04:42:56(5位),06:46:14(5位),,,,,,,,05:35.73
398,途中棄権,2121,川杉　恒夫,３ＵＰ．,02:18:30(107位),03:32:05(65位),05:36:46(51位),08:11:41(59位),,,,,,,,06:46.35
399,途中棄権,2341,林　良英,社労士会江東,02:13:19(65位),03:36:58(92位),06:23:36(210位),09:08:51(183位),,,,,,,,07:33.60
400,途中棄権,2124,川端　宏治,県庁走友会,02:20:21(130位),03:48:39(181位),06:30:50(246位),10:00:11(319位),,,,,,,,08:16.01
401,途中棄権,2412,南　憲次,チーム河野,02:29:29(269位),04:02:16(286位),06:51:27(335位),10:11:13(348位),,,,,,,,08:25.14
402,途中棄権,2429,矢口　正暁,オンコランナーズ,02:37:27(370位),04:13:42(364位),07:01:40(367位),10:30:52(382位),,,,,,,,08:41.38
403,途中棄権,2455,吉田　希,WindRun,02:40:26(394位),04:14:51(374位),07:28:37(408位),10:45:01(394位),,,,,,,,08:53.07
404,途中棄権,2365,藤原　亜由子,TBA,02:34:47(347位),04:13:22(360位),07:12:09(395位),10:46:43(396位),,,,,,,,08:54.47
405,途中棄権,2132,北野　京子,川越走友会,02:34:47(346位),04:13:26(362位),07:12:13(398位),10:46:45(397位),,,,,,,,08:54.50
406,途中棄権,2168,小宮山　茂,埼玉大井RC,02:45:01(414位),04:35:42(415位),07:33:07(412位),10:51:05(401位),,,,,,,,08:58.09
407,途中棄権,2241,高橋　由美,ランジョグ,02:34:57(348位),04:14:13(368位),07:09:34(388位),10:51:25(402位),,,,,,,,08:58.36
408,途中棄権,2233,高尾　昌明,高重記念クリニック,02:35:35(356位),04:04:35(304位),07:09:37(389位),10:51:46(403位),,,,,,,,08:58.65
409,タイムオーバー,2175,齋藤　基,もぐらクラブ,02:31:15(288位),,07:22:47(403位),11:00:22(407位),,,,,,,,09:05.76
410,途中棄権,2179,阪田　泰一,泰東産業RC,02:31:57(301位),03:56:38(249位),06:13:04(166位),,,,,,,,,07:08.81
411,途中棄権,2265,田中　公司,,02:38:45(382位),04:12:59(359位),06:41:27(282位),,,,,,,,,07:41.43
412,途中棄権,2443,山田　維大,Rumilito,02:34:20(335位),04:10:36(343位),07:07:02(379位),,,,,,,,,08:10.84
413,途中棄権,2281,鶴田　園子,荒砥走友会,02:50:22(421位),04:30:36(408位),07:22:06(402位),,,,,,,,,08:28.17
414,途中棄権,2344,原　文堅,パンパンやな,02:42:20(400位),04:24:14(399位),07:34:03(413位),,,,,,,,,08:41.91
415,途中棄権,2088,岡本　昭,,02:33:47(322位),04:30:07(407位),07:36:17(414位),,,,,,,,,08:44.47
416,途中棄権,2117,上口　恭生,,02:44:09(412位),04:32:49(412位),07:43:17(417位),,,,,,,,,08:52.51
417,タイムオーバー,2160,小塚　哲也,鴻巣たのしく走る会,02:43:25(407位),04:35:33(414位),07:44:46(418位),,,,,,,,,08:54.22
418,タイムオーバー,2077,大谷　哲也,ビール飲み隊,02:53:22(426位),04:52:05(424位),08:19:07(419位),,,,,,,,,09:33.70
419,途中棄権,2158,小平　照子,大人の遠足,02:44:16(413位),04:34:19(413位),08:23:45(420位),,,,,,,,,09:39.03
420,タイムオーバー,2305,中澤　重美,,02:51:06(422位),04:48:28(421位),08:27:23(421位),,,,,,,,,09:43.21
421,途中棄権,2111,加藤　陽造,懸垂クラブ,02:31:10(286位),04:18:56(390位),,,,,,,,,,07:55.12
422,途中棄権,2120,川島　俊博,小江戸大江戸TW,02:46:05(417位),04:37:02(416位),,,,,,,,,,08:28.34
423,途中棄権,2065,海老原　竜太,,02:38:48(383位),04:41:20(419位),,,,,,,,,,08:36.22
424,途中棄権,2395,松田　和也,松田裕子,02:55:16(429位),04:44:17(420位),,,,,,,,,,08:41.65
425,途中棄権,2338,馬場　美穂子,,02:52:27(424位),04:49:12(422位),,,,,,,,,,08:50.65
426,途中棄権,2015,荒井　邦忠,question5,02:54:14(428位),04:51:10(423位),,,,,,,,,,08:54.27
427,途中棄権,2430,矢崎　義光,すなだ会,03:00:50(430位),04:56:20(425位),,,,,,,,,,09:03.74
428,途中棄権,2221,鈴木　乙郎,,03:02:23(432位),05:07:44(426位),,,,,,,,,,09:24.65
429,途中棄権,2159,小谷　真結美,あるけみー,03:04:46(433位),05:10:45(427位),,,,,,,,,,09:30.19
430,タイムオーバー,2343,原　智也,,03:01:16(431位),05:18:22(428位),,,,,,,,,,09:44.17
431,途中棄権,2405,三木　俊弥,RETO,02:41:08(397位),,,,,,,,,,,07:31.81
432,途中棄権,2383,堀篭　宏章,,02:51:40(423位),,,,,,,,,,,08:01.34
433,途中棄権,2467,渡辺正道,,,,,,,,,,,,,